y_pred_cb,y_pred_proba_cb
1,0.5454279476266836
0,0.09367185413404179
1,0.647724647824273
0,0.06569401241158385
0,0.21412297423170618
0,0.18901074619219801
0,0.18457051248267967
1,0.583245312681107
0,0.03097080135215607
0,0.15452821509148595
0,0.10858678742904085
0,0.29617692254658634
0,0.46045831460576514
0,0.36498810042851987
0,0.19775823454843436
0,0.05207258963654209
0,0.06754024006311338
0,0.22306801459573775
0,0.2719895790284832
1,0.8902062796798648
0,0.2972505327222198
1,0.5622129583263527
0,0.137374675530173
0,0.21940580930255263
1,0.8133327916649286
0,0.11459536470965123
0,0.043379023823664445
0,0.04160099898857767
0,0.12188936891629969
0,0.0305247829779744
0,0.04981029749666971
0,0.10433796890725645
0,0.14283627746884395
0,0.03343869197872473
1,0.7225487243489818
0,0.06992362038684205
0,0.22015113978023113
0,0.19319196334793365
0,0.1645248465513716
0,0.43691446807922996
0,0.07400499708185151
0,0.03162530817404124
0,0.030798666294985344
1,0.7369936581113231
0,0.034292821520814816
0,0.14219940950091586
0,0.021413993793802127
0,0.01872138875434879
0,0.27855641287946586
1,0.9297783591262178
0,0.07363763032213057
0,0.07136808386265373
0,0.04707936259522416
0,0.22614195213576538
0,0.026224212643245492
0,0.49412563789997815
0,0.2223832728817635
0,0.3108731942902913
0,0.0951486692003183
0,0.02750678950418663
0,0.08478114888122303
0,0.06413285746676864
0,0.3437941727257399
0,0.12602322402948424
0,0.02880275407490775
0,0.019578040552774862
0,0.14787351333593265
0,0.32427628770068656
0,0.04654151847356765
0,0.40782294800377
0,0.16775500713019906
0,0.2604969431259014
0,0.18950385178724555
0,0.0003947711434242194
0,0.06699561976748236
1,0.7524510332195321
1,0.6319367315599128
0,0.12727852599031403
0,0.3111779144075991
0,0.35129201772609236
0,0.049613633379824766
1,0.5202580699483429
0,0.23698364919446693
0,0.029091014682475474
0,0.40640451289587737
0,0.02716746292379486
1,0.5867624817691098
0,0.41438705323701686
0,0.09294546165904247
0,0.16843768339797663
0,0.31397467133961504
0,0.1314100065170096
0,0.06879276738744627
0,0.04618882152351785
0,0.012318072089658516
0,0.3801679575461206
0,0.048858402252271844
0,0.013395738935794618
0,0.07827558115770303
1,0.6254195610318142
0,0.14913623239248258
1,0.9046330137437556
0,0.11984092845015705
0,0.3371969422420914
0,0.07097867506168963
0,0.4646421771097997
0,0.042338184372237055
0,0.028515902757908645
0,0.15643503143322338
0,0.09048151631525901
0,0.05735816887483866
0,0.020802369620621333
0,0.15676109702133223
0,0.08136573192461174
0,0.10179993985064585
0,0.02556903473969363
0,0.09259536892722092
0,0.09793330666401065
0,0.189623021162138
1,0.5047398413860003
0,0.02686417165109781
0,0.272508069011148
0,0.08314667369858436
1,0.901020593452769
1,0.9986730391852899
1,0.9651446481668206
0,0.018792763265506992
0,0.24474356214848006
0,0.22560805601150208
0,0.04889178661175855
0,0.23794387140082227
0,0.053584019367643364
0,0.223527921256355
0,0.12121288774422818
0,0.3383024238255746
0,0.24778111296767433
0,0.01589839906579881
0,0.16978821626647722
0,0.03744856083155914
1,0.5314135202963731
0,0.07675284311678393
1,0.6222018858740784
0,0.3678678234379093
0,0.038504641206719904
0,0.021972178834630925
0,0.005334987906635855
0,0.3290928768899848
0,0.0394893326777412
0,0.02510737238670323
0,0.04871985855695323
0,0.02682295984930059
0,0.16390816459779756
0,0.24439765843394884
1,0.971505870601052
1,0.9103629603716856
0,0.06895798360036413
0,0.03032629523061026
0,0.0426926245553186
0,0.08025131226582802
1,0.6814187994859472
0,0.016976631388231637
0,0.044679056210546096
0,0.03504171902550903
0,0.15651898517316487
0,0.032020335207895954
0,0.13454418818514452
0,0.03337390173346333
0,0.052727818939818434
1,0.5624565923943926
0,0.11985531484937606
0,0.14012388956483787
0,0.06709538962463191
0,0.015208107808107314
0,0.3274282886822905
0,0.23209593739362955
1,0.7764768466436746
0,0.21798610298674276
0,0.1292510596688225
0,0.05618940264169008
1,0.952325185132899
0,0.01195777690578213
0,0.03904193682007233
0,0.030195428332628824
0,0.0006300652635220313
0,0.07942346220708629
0,0.10645459395166448
0,0.2618808082888411
1,0.9849497035700558
0,0.013490048150773929
0,0.06316744416293611
0,0.05047180891583856
0,0.11234626638803039
1,0.8235347869403871
1,0.9066072029428237
0,0.04936533298121441
1,0.5716992789217119
1,0.9215973668441082
0,0.06562409638001825
1,0.8402106076967106
0,0.08748171091712398
0,0.031339508578862384
0,0.06401947703962815
0,0.4494095764323998
0,0.05935571534541827
0,0.477046303818007
0,0.05970729460486718
0,0.20484647057419728
0,0.1998408796052366
1,0.6169711391761133
0,0.0012569773888620526
1,0.8563091225196616
0,0.03748188949169242
0,0.04145831766016472
0,0.14368005352825017
0,0.033467790409133946
0,0.019476119009808533
0,0.029655546675384344
0,0.4479540303759398
0,0.01617088940753433
0,0.022124812035273174
0,0.26701325667765485
1,0.5695766739985837
0,0.020260989409247657
0,0.018194872559120473
0,0.12801258378794103
0,0.015508437915400788
0,0.05629610321248783
0,0.2947972617352091
0,0.05643061303693993
0,0.3590178589012471
0,0.09102301171071212
0,0.05739548670170063
1,0.5502585658301775
0,0.03603194576157882
0,0.2904616038985258
0,0.08311043837974316
0,0.0902377119549667
0,0.42738525528946925
0,0.035088584006342106
0,0.39931420060940503
0,0.36642336183729934
0,0.027863845216152126
0,0.22442400615395108
0,0.14942172715573643
0,0.03140287889567135
0,0.009058709655518115
0,0.08840290531671752
0,0.07063868476955565
0,0.2393059916257978
0,0.07060664568913191
0,0.10881043384286254
1,0.7687561002119633
1,0.999251519389232
1,0.939668624886227
0,0.4159041860107293
0,0.21878749530808966
0,0.31186078577204146
0,0.020835472344450455
0,0.034484320924943385
1,0.7708946197925906
0,0.1625213287203699
1,0.9721422102834509
0,0.10596365920198489
0,0.47485555069206564
0,0.024253840917911152
0,0.07593534637307577
0,0.05845861334980162
0,0.02550519449053598
0,0.11589961886900813
0,0.049925162366314585
0,0.11333278679454958
0,0.02148211990730816
0,0.2151706429025534
0,0.025139174250755732
1,0.5379214951788402
0,0.21333646421485072
0,0.15927951455838857
0,0.4530784544547486
0,0.30433866733002923
0,0.035436596203210005
1,0.7598397769700193
0,0.45391956396106115
0,0.045942244928824004
0,0.13567359935258957
1,0.6536720259341021
0,0.06973997780358737
0,0.28876627355177314
0,0.3392516289260845
1,0.9334446903379542
0,0.4197366857577522
0,0.20168577318628608
0,0.45446736551106465
0,0.004339698452271803
0,0.10620925036771421
0,0.2909534692875035
0,0.03690049097498026
0,0.18109187760925027
0,0.07336924031387738
0,0.17230852376435915
0,0.033479380237414785
0,0.08272259065500394
0,0.27871791795256845
0,0.035908030800601044
0,0.02507773660201429
0,0.02787405402093942
0,0.09517354291488757
0,0.3388602919729315
1,0.5290798477390201
0,0.04137853301491023
0,0.31504966230083925
0,0.21787676319372465
0,0.06614876953693323
0,0.04629138240341845
0,0.0700094966592488
0,0.09788278306694997
0,0.03729523150913625
0,0.036098006884573756
0,0.1799885673875835
0,0.011921835099581923
0,0.14503824561137107
0,0.04893625282020862
0,0.053885222735372135
1,0.8984742305820778
1,0.7309996075137751
0,0.11269058621744718
0,0.20584071356004777
0,0.03681337387648104
0,0.04571063367443409
0,0.1306739707124224
0,0.20577680867653572
0,0.16049244108741537
0,0.018956264816837397
1,0.6641473359863126
0,0.03132924909802083
1,0.9830757718602254
0,0.20375962471250766
1,0.5458805636468564
0,0.3283704215102837
0,0.47225858287095973
0,0.43676028440607306
0,0.037500535121612555
1,0.9831301773507936
0,0.07319103747492703
1,0.9699826144744355
0,0.10020588141981669
0,0.0327767262028043
0,0.04967687451246585
0,0.03419563067599184
0,0.029341535538780945
0,0.03513838779746068
1,0.7268976879178694
1,0.5723282055179785
0,0.03218814094995379
0,0.16656737202114655
1,0.5084753032029393
0,0.025969580081304948
0,0.05548007372606868
0,0.10910412099459925
0,0.06838138704283415
0,0.10462395206222863
1,0.8783397910107779
0,0.06393729779218327
0,0.03851645582631835
0,0.04409418811107362
0,0.10664044041094468
0,0.3980020237529116
1,0.6840542945323104
0,0.015698382490742045
0,0.06532338027871804
0,0.1534087727984805
0,0.0432035491214861
0,0.04441941106770961
0,0.016503559458538066
0,0.25091932674291795
0,0.08787822927521413
0,0.03326710579573948
0,0.07157980789859178
0,0.10738541401323215
0,0.2720154372531575
1,0.5861417209032505
0,0.0766185400729439
1,0.5831788138944713
0,0.16484635519533358
0,0.03157450225211764
0,0.3023409980033526
0,0.0904348123121494
0,0.06566891748931344
0,0.07566333594336332
0,0.09613812706346671
0,0.15387797209516188
0,0.1334283245018332
0,0.06769180368353336
1,0.5497534781555975
0,0.21852722865775281
0,0.022736732780642435
0,0.1480884253054167
0,0.3801046282236002
1,0.6780158475167892
0,0.044296422886880224
0,0.05244658656041245
0,0.02640610106165044
0,0.038418864834476006
0,0.08703533691280396
0,0.01162024055371118
1,0.8041293023743378
0,0.3045429335690472
0,0.03673554805173429
0,0.012262684632306597
1,0.8422806893474315
0,0.1307706817405823
0,0.22706906470702196
0,0.17858625730989813
0,0.36712857872615257
0,0.06825858331416301
0,0.03548507946102837
0,0.20027419164798935
0,0.10617396268540145
0,0.12899700279859483
1,0.6545476363305988
1,0.5545734037623731
0,0.026840000151040346
1,0.5347643184057504
0,0.011408889385713236
0,0.20113633806399786
1,0.9746676220782164
0,0.06058205635703951
0,0.025880592828631192
0,0.18140527596632278
0,0.0271152064948653
1,0.529193115091809
0,0.11779881054164855
0,0.016893186472914174
0,0.4402193578543213
0,0.032920112338094346
0,0.020481305229018393
0,0.056540342835794795
0,0.02750977637493664
0,0.013348411961287141
1,0.7262157741387153
0,0.21263113131694203
1,0.6836551172811092
0,0.033663791930495575
0,0.04455048878729023
0,0.09121302292535732
0,0.11435206701004022
0,0.03226877815844125
0,0.05086428227065535
0,0.033430085141431594
0,0.020425890558548845
1,0.985904755289589
0,0.1492378808561413
0,0.1172718753220693
0,0.07823422531582744
0,0.1315821480804129
0,0.04494805865267759
0,0.0628066430005782
0,0.11687202120660559
0,0.2742300360383546
0,0.08532788489227465
0,0.11218006502167718
0,0.005421194783204534
0,0.011635967093120028
0,0.062120826569528616
0,0.13045023824280733
0,0.02810060696999081
0,0.01887666882805518
0,0.059394469606831306
0,0.16246297417009856
0,0.20197847101984914
0,0.017278638620243387
1,0.9938196590514726
0,0.09648748364405775
0,0.03771955471896582
0,0.05829436056525761
0,0.02216842982697834
0,0.07250315594388966
0,0.3158335391595641
0,0.04389206640936572
0,0.37714378148727107
0,0.030396651701876852
1,0.7271780897256156
0,0.1228260932460102
0,0.15241176241581286
0,0.05994929220979577
0,0.07538179633662306
1,0.662437421626142
1,0.8273067834524449
0,0.43469086723972966
0,0.09143190728571651
0,0.19732255562425532
0,0.08945236912642936
0,0.3685921026456915
0,0.003080674590921119
0,0.04843982993491499
0,0.3513870086012019
0,0.18698846251070936
0,0.053457995124992816
0,0.1018911524315026
0,0.024293887318699605
0,0.11887033058245292
1,0.6712428918696979
0,0.02161182343213867
0,0.07102610110102979
0,0.09320415063737554
0,0.33022196919827257
0,0.10597753579516007
0,0.23993230018146486
0,0.07159086412503507
1,0.8734660662272842
0,0.3334367441598977
1,0.7992136951778296
1,0.9925451183548417
0,0.15208085009639283
0,0.052398930265934604
0,0.1294979181169709
0,0.018721758935562324
0,0.24068942861065148
1,0.867953342998527
0,0.3480364933169514
0,0.03013924953479272
0,0.11090119729612265
0,0.07327141010920331
0,0.15996977156956255
0,0.01659157130068502
0,0.07747017141458055
0,0.04996369758570728
0,0.33643902445332
0,0.0570857218998465
0,0.03977074897190082
0,0.015462441412769687
0,0.43232913992012695
0,0.1272707612923121
0,0.08379138766190258
0,0.11376261094866325
0,0.22964863833446114
0,0.07221798366679828
0,0.2138326674024157
0,0.26207085890205234
0,0.20849070992736757
0,0.11917883095126686
0,0.16976202359826698
0,0.19561929920092655
0,0.18741078831648705
1,0.7540196777927501
0,0.12300514342685909
0,0.05338538019944209
0,0.2623639771246213
0,0.07143969336946134
0,0.05138713721608027
1,0.6264385942496601
0,0.02825664928411153
0,0.039005966079238466
0,0.45063894109698804
0,0.21290124068219796
0,0.47819825668104665
0,0.09991261146695372
0,0.08633834185173456
0,0.1238896251812391
0,0.2773770609150478
0,0.12073463939740306
0,0.19211480597174527
1,0.7553361654404799
0,0.30057729105139336
0,0.014333066578766743
0,0.20641418146783336
0,0.3833852469575623
0,0.08680883341551668
0,0.28868549298573976
0,0.06198108213146459
0,0.11205187769095722
0,0.0571953707527311
0,0.060505910342445124
0,0.11359740613458409
0,0.03149338467253558
0,0.1734247249556772
1,0.5603205052560958
0,0.0658923170577167
1,0.5069489124434527
0,0.09651573719711777
0,0.24269049031693482
1,0.5005840191623518
0,0.12850487984999476
0,0.4637118477432445
0,0.0959879474112271
0,0.04035071451799148
0,0.2123610550642781
0,0.012735313727848507
0,0.013436687945547358
0,0.01520600366518921
0,0.05568593029718147
0,0.07407575037343236
0,0.2667567146421674
0,0.17779276579053616
0,0.05134262927221879
0,0.23726096332746505
0,0.07187088125412533
0,0.0779019185973573
0,0.24727346480628518
0,0.12687506968059675
0,0.0967851812779672
0,0.04334257680423477
0,0.02288185285429392
1,0.9413847364224147
0,0.04617617056602834
1,0.9052645329850069
0,0.03468579909279323
0,0.15675220434429663
0,0.24861784325704422
0,0.30456176447179073
0,0.05154156265767372
0,0.036014297864785584
0,0.028840032215775305
0,0.1878670990657366
0,0.05203391059003795
0,0.038177181257796365
0,0.15571426118777035
0,0.03212274581494116
0,0.020405671514790426
0,0.32691823975916867
0,0.0345726983354874
0,0.08576857271518519
0,0.04698172430870291
1,0.5604704454857623
0,0.01251334432457679
0,0.27289277607785223
0,0.1148245056631813
0,0.01473321567015554
0,0.01694324697761374
0,0.0549821284317806
0,0.36956412296952196
1,0.5495032990680846
0,0.40437644718251303
0,0.3045834322063141
1,0.7419406336369669
0,0.0933562277229924
1,0.9494826951699864
0,0.08737624061634637
1,0.8707480957999395
0,0.06690802824946668
0,0.013526075248550118
1,0.8156966481902163
0,0.10817806776541751
0,0.029045780187958854
1,0.9926292874358648
0,0.011960671904946504
0,0.30818221251597916
0,0.3133337206540601
0,0.1544102939265333
0,0.03013804815732351
0,0.03018152153243589
0,0.02180006918299709
0,0.38627546754057546
0,0.1533429385040456
1,0.866207390459553
0,0.056437991220032235
0,0.030610414617849142
0,0.13792001122151762
0,0.2093088698076952
1,0.9974296992377479
0,0.1607767933955929
0,0.20024513991231585
0,0.11680907482775645
0,0.11718474585544976
0,0.05383504889530093
0,0.034233747080056776
0,0.10240053795624854
1,0.9927962402675203
0,0.0846414119689235
0,0.11189133862688569
0,0.027500083337675726
0,0.04199851661868163
0,0.18406973031655524
0,0.012361125299192383
0,0.03434734975456884
1,0.9012109079701908
1,0.8973462389359936
0,0.10617434507580711
0,0.2613643906779739
0,0.25600462231579413
0,0.37513292008411175
0,0.19232765936961127
0,0.22821136021362995
0,0.17015524224697928
0,0.008335254387781875
1,0.7520052793897992
1,0.760615823189349
1,0.8810965850475316
1,0.5691961821520825
0,0.0027330570446334472
0,0.09520285696666737
0,0.027513666674468747
0,0.2798226310291927
0,0.1941729081209554
0,0.055477434292402455
0,0.020809040098840593
0,0.06437541396191804
1,0.9492988233207632
0,0.09110060598246626
0,0.11196405976637376
1,0.5218159834698834
0,0.006800813431039647
0,0.06128878822006926
0,0.032412812415803155
0,0.04221627238609857
0,0.030765307815085175
0,0.3026775731599047
1,0.8762992433397675
0,0.0368899973713577
1,0.8666595002424197
0,0.37445476171466235
1,0.9682440548230825
0,0.023183404572267155
0,0.3944896624301771
1,0.5391072458642076
0,0.08762284514984507
0,0.03529130215570823
1,0.8996756770459242
0,0.15250332600712926
0,0.05031672077118131
1,0.8456726514491091
0,0.18280928574388677
0,0.16043081837101142
0,0.16015365685470342
1,0.8348567525829877
0,0.0148313932616373
0,0.3186631747799798
1,0.9896139923847125
0,0.08911753537859708
0,0.024673385991568885
0,0.09814053864637537
0,0.19448677085385596
0,0.12039390131341329
0,0.03023407351031856
0,0.19769748813309235
0,0.2171657225340631
0,0.22667194321637743
0,0.03563621166496139
0,0.029465624871492443
0,0.024087926565287583
1,0.7977722956980573
0,0.08666616253473176
0,0.08178180049140503
0,0.06494028309530134
0,0.15584023350482704
0,0.09984447239073324
1,0.5397099759297261
1,0.557273524795993
0,0.06669286693641424
0,0.34150524509963165
0,0.033179834693679855
1,0.9305267903844059
1,0.5245252021382324
0,0.10283586768881599
0,0.10184033840442519
0,0.13598477279141893
0,0.03212744194898895
0,0.07166967919984
0,0.0418254456263776
0,0.13956178214767284
0,0.03548212314280078
0,0.09834122673505838
0,0.015256578617817776
0,0.07507370236529486
0,0.08107608543528268
0,0.060024197693818275
0,0.08675490644393857
0,0.020692970632890755
1,0.9927012092678597
0,0.057937530444063946
1,0.5866561831503756
0,0.23961539586246472
0,0.06950329128492583
0,0.16966606697864786
0,0.1450783360329288
0,0.32863386183942755
1,0.9970925188773935
0,0.4303216898302809
0,0.05757416432358086
0,0.19020747395736556
0,0.20538083512104446
1,0.9997986248754613
0,0.13407446050035754
0,0.020960454403303894
1,0.5268032945355854
0,0.1384317450429667
0,0.0221467324058994
0,0.023792441697811702
0,0.1361966825020093
1,0.6260619821887043
0,0.008297164622854724
0,0.1566256626427317
0,0.014364350126287725
0,0.14931077789075123
1,0.8797815584038905
1,0.5768044125526026
0,0.0903710514024185
0,0.43414504739528503
0,0.042407473407014416
0,0.026054593338933774
0,0.08858532317866931
0,0.11577251779350829
0,0.016296490678963185
1,0.5410079466100922
0,0.1218189005376946
0,0.019613148141835315
0,0.06317496754854642
0,0.028399036588491695
0,0.02861340977595784
0,0.2861838145803476
0,0.10507585867033624
0,0.034677243695985044
0,0.09403989868681929
0,0.013070869143854075
0,0.10067933506325284
0,0.12827206396358873
0,0.38237766577044197
1,0.9302366309582004
0,0.021593117531535925
0,0.25628409523551915
0,0.4602279962285195
0,0.40046416537528956
0,0.35853411325655077
0,0.0065116942013883
0,0.32943613596757154
0,0.13679762825626676
1,0.5572198742869312
0,0.036533925717254265
0,0.018208310874853115
0,0.02933659858681069
0,0.08433413210927333
0,0.29939909490460864
0,0.06752375333790558
1,0.9979264241701703
0,0.2096672872585604
0,0.07301855538804888
1,0.6631888028015045
1,0.5331617120558215
1,0.5094838437187095
0,0.14634896338821832
0,0.1406402442496764
0,0.24997885882632495
0,0.05606212925682774
1,0.8639898041152965
1,0.7187379610151183
0,0.13619020176578298
0,0.08567250967378408
0,0.023050177039129996
1,0.5781018486067921
0,0.24455977186446168
0,0.04234615872547459
0,0.06075645901663659
1,0.6395137983736804
0,0.036750755758354695
0,0.009831620190961047
1,0.5346911161986638
0,0.23230273455252637
0,0.13068778591183589
0,0.3572361441062456
0,0.055473399098043254
0,0.16265523971267712
1,0.8136133117056841
0,0.042757167987043584
0,0.2938481838458176
0,0.041345727445345475
0,0.053535148547268215
0,0.11184645965337225
0,0.021720581847090626
0,0.03266357216085649
0,0.022512487492346075
0,0.1606570314293561
0,0.15411432024467242
0,0.26638471238178696
0,0.47229974298006466
0,0.06658384964849133
0,0.2652495570242721
0,0.012384724788973615
0,0.4666702375845507
0,0.038779452933195756
0,0.09943994460660192
0,0.0123613852305762
1,0.968150950513439
0,0.01701796590165845
1,0.8956707139907018
0,0.16340322310270927
0,0.0785369404787099
0,0.17490670656862392
0,0.01590411593638321
0,0.021954724443020164
0,0.2487688060262442
0,0.13254536800688535
0,0.03576853891403206
0,0.056864401085180524
0,0.026433884889192735
0,0.15340735385956986
0,0.23609405803894376
1,0.9651127026801848
0,0.13193520560082142
0,0.040164009194878274
0,0.3200065980546105
0,0.011735472353694367
0,0.11892491889632137
0,0.00630197952039725
0,0.10446220899730767
0,0.30690484479698227
0,0.08976871635898949
0,0.03367216676572076
0,0.025027076628199064
0,0.03423406124019658
0,0.2814651246524419
0,0.018181979304624788
1,0.6165916649937073
0,0.04016704526683993
0,0.12100968259540688
0,0.1516274363028218
0,0.11619551514497747
1,0.8754245644074201
0,0.012670007779395167
0,0.32264393465529617
0,0.39703500535750896
1,0.6943753298286377
0,0.16965747911501072
0,0.0669431181723881
0,0.06889146593408228
0,0.11290002152902916
0,0.02687612277093812
0,0.10889807817759113
0,0.06377358364808262
0,0.06331787649185294
0,0.24555537047656478
1,0.7775118084123241
1,0.8725876428237874
0,0.17882079393727665
0,0.15657094337977953
0,0.06917229021250887
1,0.7445736605210789
0,0.1329674552941005
0,0.20232406460566904
0,0.3615200579141708
0,0.09693461263978671
0,0.010852179727053582
0,0.04545177241646035
1,0.8756599489736668
0,0.0501282369729947
0,0.0425373848519017
0,0.07662829786125873
0,0.23912602494055538
0,0.05618887660234188
0,0.1041896468534354
0,0.038836670773077196
0,0.028788594791854562
1,0.5543670378133588
0,0.10794650989092636
1,0.6667375266683389
0,0.018480195603231282
0,0.09638116001830868
1,0.8740305044405492
0,0.01521466712710352
1,0.9121049817446398
0,0.08939931587336601
0,0.21267360163110666
0,0.10579199662534493
0,0.1891395974607311
1,0.7883601801881953
0,0.18697921450473978
0,0.02070233586263061
1,0.566022189645911
0,0.007226179872184659
0,0.06386609054172503
0,0.07936488942878583
0,0.04963566861241666
0,0.04899289982973349
0,0.050385089728670986
1,0.5508792822480971
1,0.7708751149023229
0,0.02490020826634661
0,0.1004091623873488
0,0.05695910923053231
0,0.004542483092693488
0,0.04822449214611036
0,0.005446842426258847
0,0.0734156807794148
0,0.15649338128585125
0,0.08718121905139796
0,0.2318765047128191
0,0.023836934104042178
0,0.08769766173106897
0,0.06175340275622196
0,0.08939368671871482
1,0.6221654353616165
0,0.14813891426637352
1,0.7087122204458325
0,0.14900990385221655
0,0.04550862762572482
0,0.024696515891822684
0,0.15944544756353737
1,0.8497734579544479
0,0.3321023361673614
0,0.13226407676477037
0,0.12524738578177844
0,0.43581095092425937
0,0.08017414388275344
0,0.22475219110899766
0,0.009129023330168093
0,0.0741464602902376
0,0.3590721281652428
0,0.285283536226116
0,0.03517312805355598
0,0.28223010165793455
0,0.37333764558453914
0,0.01632822810455297
0,0.06871526111538248
0,0.08158235740380398
1,0.9225882388343236
0,0.029566778304920077
0,0.012226831160025275
0,0.1569617104001004
0,0.16479883582827737
0,0.15663427664518903
1,0.8282475286091225
0,0.04948799097378185
1,0.508016538762648
1,0.7619464307361283
0,0.36453191603373647
1,0.7625320189422349
0,0.08239574836314673
0,0.03562204071538525
0,0.0487059666283796
0,0.10161170122422765
0,0.044489305426564485
1,0.7130476397056787
0,0.10760522792250435
0,0.1436842001993068
0,0.033097639812703646
0,0.01423577642176011
0,0.16186566629997304
1,0.9403245294674973
0,0.16303898675535825
0,0.09948873090120063
1,0.6516815730359549
1,0.8886392953859659
0,0.08038516416981809
0,0.07214356773159303
0,0.13431339121882602
0,0.06130938856436096
0,0.12964445976681954
0,0.0990812855848455
0,0.06967202198041351
0,0.11445386644539285
0,0.029389239651633047
0,0.02491847331786791
0,0.07203344305816838
0,0.453758150338282
0,0.2455793960606313
0,0.07097771985800903
0,0.2235827181861445
0,0.11379830742023676
0,0.1319894971270045
0,0.29262130777345996
0,0.4539813717687661
0,0.014219802113214355
1,0.9622751404080415
1,0.9224484654706964
0,0.03455266617155187
0,0.0805128347309516
0,0.1520963334738609
0,0.016586607480713268
0,0.06796438226219494
0,0.035699152136356514
0,0.017295942159254337
1,0.8298836549151049
0,0.2981526475514084
0,0.015077681752964195
0,0.030073148176599555
0,0.16547312430513733
0,0.02305645161858085
1,0.5521730882169095
0,0.1225765091446247
0,0.07480357802543403
0,0.07966435131185327
0,0.08973199125089552
1,0.6877619240971884
0,0.032722231195591374
0,0.09662036348603752
0,0.06820014867552149
0,0.15133442416621537
0,0.042389106088237725
1,0.6669573029500467
0,0.014819609355377848
0,0.140332752017662
0,0.3258276743813639
1,0.9240459013595733
0,0.030297249145104812
0,0.013594052201728752
0,0.1825961766351771
1,0.9136145083312296
0,0.06286765050284888
1,0.5394490380976167
0,0.07383219024392948
0,0.06703399148108691
0,0.09998080175638575
0,0.09271223231044942
0,0.0667125291421931
0,0.06739332962680293
0,0.2500913008661466
1,0.52008175557868
0,0.051905590564383465
0,0.49838412101714763
0,0.04811829959324824
0,0.06392641341668408
0,0.2206110137595738
0,0.003913717026185274
0,0.04860693005329877
1,0.5922343853759671
0,0.11850675129302539
0,0.023531753712045966
0,0.055358659619825834
0,0.38725186948927226
0,0.15804892171330204
0,0.0590262219280191
1,0.7543554859069328
0,0.03100447193598429
0,0.03418979894131084
0,0.21001315384397
0,0.10718386099800503
0,0.08796956093861558
0,0.2230934419814818
0,0.2615475085298294
0,0.07753849248662929
0,0.16852428762238056
0,0.05618186277567906
0,0.07036638564070528
0,0.027784085607368194
0,0.17205327262172693
0,0.159471004525378
1,0.6783245646003537
0,0.045465290745274264
0,0.14572406717266911
0,0.05975612379177654
0,0.14048142784732365
0,0.2027742764233807
0,0.05985896439112062
0,0.1036576998028392
0,0.4030113137733181
0,0.114767667100809
0,0.2480363697057613
0,0.22850465700206465
1,0.5008469259171667
0,0.2505709660068719
1,0.681438998679699
0,0.15175351476731017
0,0.10556607624176488
0,0.4972286248830396
0,0.029130520564644817
0,0.043409001352607744
0,0.3626951205793461
0,0.08725883994200027
0,0.4051348990619461
0,0.10678884751124589
0,0.05055135823516294
0,0.03731991052568146
0,0.026091711605952275
0,0.0754976135661378
1,0.6240518047531393
0,0.06231250425091012
0,0.20497864464521137
0,0.025855189005018334
0,0.013465048593270256
1,0.9474338002622816
0,0.29302075835147984
0,0.027857972674535488
0,0.03535763510701338
0,0.02405520984157051
0,0.4187017111585303
1,0.9773404358654302
0,0.2612641864041064
0,0.06558694351315698
0,0.3899095667247204
1,0.9990128960976302
0,0.35707897227074115
0,0.4936804759061388
0,0.03316498576083563
0,0.024381441210801515
0,0.036189726526490905
0,0.11556415615372372
0,0.07096122148203027
0,0.4734877405935385
1,0.7949054636442342
0,0.4777492961368679
0,0.3785723191519804
0,0.1933160309888462
0,0.02778152456737802
0,0.055953635676553364
0,0.04255179118372982
0,0.3030480767598054
0,0.01597361758078699
0,0.06922883832984925
0,0.18118654960821035
0,0.17076662794450478
0,0.03700510817701161
1,0.8388999761781175
0,0.09363345176976508
0,0.0879078451408446
0,0.1985802039003258
0,0.007911193723325194
0,0.06378472186147546
1,0.9307201006410109
0,0.013030389724930086
1,0.6718208227811346
0,0.33000933731481896
0,0.047441982528340546
0,0.097044605583988
0,0.07799931303995943
0,0.34258484753766466
0,0.16682121631332963
0,0.021337870433881245
0,0.12405817640937894
0,0.07749404898774089
0,0.10355977162404342
0,0.022362204895563575
0,0.10711553205419196
1,0.5876664435959639
0,0.02707671706776526
0,0.04454170992815226
0,0.04387329886325355
0,0.1288527450074813
0,0.005364343571970982
0,0.06510068706033742
0,0.3005521238434164
0,0.14039093148081144
0,0.03516115111112083
0,0.3965354393027965
0,0.06454155102509158
1,0.6285363512873235
0,0.05366169776054621
1,0.9923616922309287
1,0.7915559393020399
0,0.16750268663758588
0,0.08086675127560312
0,0.05447696314106636
0,0.15451924449506044
1,0.607100998900216
1,0.7212572245319168
0,0.02075171908259386
0,0.1276811385931785
1,0.9938963361596554
0,0.32489722083887473
0,0.08405013717307672
0,0.286971383249821
0,0.23448230006279322
0,0.3940707097396673
0,0.19340711048471435
0,0.10251830016030158
0,0.030957383724996502
0,0.031791002611427074
1,0.5190693164121808
0,0.3932157990798058
1,0.6638882837172997
0,0.047603473362312666
0,0.020450956734820645
0,0.14705350379550794
0,0.18795650700832583
1,0.668448848969219
0,0.3671505313732636
1,0.9338584877023165
0,0.22007468160855054
0,0.05182531803014479
0,0.15601504139641098
0,0.0901600537040434
0,0.1187544441397506
0,0.15265861051516927
0,0.1841401257674207
0,0.05880118125174256
1,0.5823683294405783
0,0.12185868376812026
0,0.030155939870103045
0,0.24520196501756392
0,0.21800221520498064
0,0.04859168432802747
0,0.06995261770436621
0,0.1239105595315236
0,0.2051547250268817
0,0.07049308194272275
0,0.13058068653811558
0,0.06821578547982805
0,0.3809809876650454
0,0.08271599699027994
0,0.2140676016971009
0,0.46324939866183634
0,0.022802130789586563
0,0.2499756750762133
0,0.06886730276626941
1,0.9950192537967151
0,0.16419985663812087
0,0.0910787999084387
0,0.12532589791075877
0,0.3901778198752931
0,0.06873617098696096
0,0.08732478585832901
0,0.07568478737118994
0,0.05551707972027809
0,0.3252584116163299
0,0.09717839027613932
0,0.11463755835771279
0,0.14027918342906343
0,0.030221790592216306
0,0.1915169723946037
1,0.5185671841018906
0,0.22510452767828615
0,0.12115103352173202
1,0.9764681087506719
0,0.04662261595684156
0,0.11878814819678513
0,0.1609291347147767
0,0.012972205641403643
0,0.022829434812008897
0,0.07535200360141577
0,0.12404839599080664
0,0.1140232794693541
0,0.14379730344669728
0,0.18517368796343747
0,0.4461802802917741
0,0.09561163021032873
0,0.1508652724481268
0,0.06044105564950953
0,0.08689767831504086
0,0.14087374769940755
1,0.9987404522921195
0,0.021588346189982992
0,0.041032771156633674
1,0.6739122375398138
0,0.12520975650799257
0,0.4757337917306198
0,0.12330436493290954
0,0.2840212070478094
0,0.06316440999887586
0,0.36916039449086424
0,0.05631294365330352
0,0.04499863908674387
0,0.11603707783031521
0,0.039453978954398505
0,0.08843558970032109
0,0.1701522758996411
1,0.7816147456071254
0,0.01779322488250403
0,0.2905645844830196
1,0.9574141342003709
0,0.06741383212433412
0,0.15180519461102848
0,0.18224240783100887
0,0.1344867945263484
1,0.884047256124834
0,0.06291686869938287
0,0.08788631180711975
0,0.26273518399893403
0,0.05193244479999222
0,0.09687357424602291
0,0.019526397510713823
0,0.022160512800475457
0,0.14376071656025705
0,0.1221991965163303
1,0.6120500150108222
0,0.49225774127826744
0,0.3623803938210024
0,0.2947943409738217
0,0.021425727937303882
0,0.15356805823094427
0,0.033532170702333844
0,0.07099354262797856
0,0.16118443072319796
0,0.048695177290397566
1,0.954429513941387
1,0.5199313520977705
0,0.12038086669380585
0,0.11380150316771773
1,0.950564382775363
0,0.061534976825852655
1,0.6488125127245533
0,0.07618754623285913
1,0.5494187258159755
0,0.25966425014220834
1,0.6595055255669792
0,0.06639839621944335
1,0.5659686828920191
0,0.20615042950707227
0,0.20555566793633961
0,0.07286536605272449
0,0.10611946997749544
0,0.07982242139179738
0,0.024841635050003936
0,0.01291832133180567
0,0.08871985573729678
1,0.5144553309821098
0,0.42948207460954185
0,0.3777508915735809
0,0.08110509005646237
0,0.11177220968486049
0,0.049641245759699325
0,0.03803264807472024
0,0.08610246620399334
0,0.12178979187285785
0,0.2574032567644893
1,0.9337857896322924
0,0.04310468294655538
0,0.24696917220582248
0,0.2100137391668316
1,0.5531956835207705
0,0.03401546562854563
0,0.00027032912042728634
0,0.383404841886811
0,0.1896266903430245
1,0.5776223081912374
0,0.020255562675744444
1,0.565908157788881
0,0.16651988566324089
0,0.09107436595421266
1,0.7358033964760847
0,0.3287019675404807
0,0.034111263790724156
0,0.0004996385763503009
0,0.04565292850143845
0,0.12819393307067786
0,0.23867255034713236
0,0.14410380142638057
0,0.049943243934013164
1,0.9978281723895962
0,0.2380721170310124
1,0.628931161211071
0,0.2533118728695804
0,0.2907623190795863
0,0.06057067156532745
0,0.0523265876527225
0,0.17752370874097928
1,0.8404765417554743
0,0.2707412328058099
0,0.04540351930251062
0,0.053431106484207604
0,0.06255945139018476
0,0.2859589179912613
0,0.018917492072838653
0,0.1413214925740354
0,0.1705772841142334
0,0.41570246455327503
1,0.9728841933134904
0,0.06558101523747364
0,0.16902431415154728
0,0.2333303744129856
0,0.21474242637010196
0,0.01973856559901787
0,0.12141739627204207
0,0.34353709567993634
0,0.03794764656690265
0,0.038935458087224054
0,0.06231655373108641
0,0.012185387834560872
0,0.3537353668376082
0,0.4746071401694629
0,0.07540820604894236
0,0.11246961806752932
0,0.1768904193377495
0,0.3716702515518531
0,0.032313329417644775
1,0.7907296387738196
0,0.06231837921937892
0,0.019719419156096582
0,0.1475798231833322
0,0.14545074646036202
0,0.051239212884720664
0,0.026108592809732545
0,0.1929296661291961
0,0.08238483519817869
0,0.15323610930270323
0,0.23868816826268371
0,0.06038250576246664
0,0.2860215627174352
0,0.20605839716823823
0,0.4616063274545131
0,0.2480183697492648
0,0.05405964188048316
0,0.10331490800683388
0,0.15644165802909757
0,0.06527586153402401
0,0.36499649455372213
0,0.21672427794112184
0,0.010267034710896792
0,0.11887223620082664
0,0.0007182860598975603
0,0.12151542605861342
0,0.0847799365706922
1,0.7794887690616409
0,0.08748657916145358
1,0.7990914116740284
0,0.021201712308869053
1,0.6346157144643522
0,0.011708694701797596
0,0.04509280465295861
0,0.014430126163152536
0,0.02877537061088543
0,0.1967479917521072
1,0.7158081866848006
1,0.766309082784734
1,0.6293083176859293
0,0.45301004725371674
0,0.15567926853173597
1,0.9685939867026625
0,0.04958349903391392
1,0.823417583444602
1,0.612375531302573
0,0.1627799975015412
0,0.22351589686560788
0,0.30430341215301476
0,0.01225981409154166
0,0.12627200640837058
0,0.005837660417484476
0,0.01347608733403638
0,0.22576750219149386
0,0.05638207925352097
0,0.04682478332668315
0,0.40554533991977476
0,0.07628837409042856
0,0.3419557880023879
0,0.4878165542979879
0,0.07205632611032176
1,0.8769741476983767
0,0.07047109666919277
0,0.044862804874752825
0,0.07722182672283479
0,0.30131463828431415
0,0.0637654255829103
0,0.07132523195373822
1,0.9986198413123811
0,0.032033646133483154
1,0.8450889815096457
0,0.2799398215636409
0,0.4042675173470285
0,0.037042809974067045
0,0.17854184892527802
0,0.1452557765752273
1,0.7008822579608209
0,0.021685096382351606
0,0.1961181932696016
0,0.15994959285786442
0,0.02675541343174446
0,0.20670274675836373
0,0.06344011321698276
0,0.10435167419480629
0,0.05774454088413235
0,0.03589944090615153
0,0.02108899706410977
0,0.22283632671794867
0,0.012380762147471254
0,0.07371013411144234
0,0.27426667906057256
0,0.248219748118694
0,0.12062398804985965
0,0.10755515396504992
0,0.018487739601448665
1,0.6059139394599615
0,0.03577720808262084
0,0.3575506199973876
0,0.10326873701965122
0,0.06872679238322207
0,0.08907743850338191
0,0.040132145637443425
0,0.007756240378509472
0,0.36443818757360114
0,0.011546094043457918
1,0.5801492106658352
0,0.014534387553686188
0,0.04764773811208375
0,0.11016866012752903
0,0.08510959922643556
0,0.05004898309171319
0,0.08206179591634684
0,0.12493923640830937
0,0.03021300109095185
1,0.5780719409252637
0,0.02986275661276248
0,0.41198548981646893
0,0.40898360720914945
0,0.219512608066864
0,0.04659754124521505
0,0.26766597752152677
0,0.3436390034852794
0,0.362196392483596
0,0.38527987621922105
1,0.6354676217025853
1,0.5785856001928241
1,0.6614484711704239
0,0.32407297225888027
0,0.05203879322238637
1,0.7751906156281194
0,0.43072029482769364
0,0.013096209298441642
1,0.6035393921378284
0,0.16043353905319388
0,0.011683844764685916
0,0.22313040344011265
0,0.16664614070211875
0,0.03622355995613833
0,0.10173162031582554
0,0.017733311079006515
0,0.17627992009147173
0,0.013954715231974613
0,0.06612487013801428
0,0.1491558280961576
0,0.2617448293207191
0,0.23848505887218696
0,0.04353363706176375
0,0.46510035184126297
0,0.07508914111511887
1,0.66703000610974
0,0.13685661861293247
0,0.06317645827281503
0,0.23099708880448694
0,0.4232522871511161
1,0.9620665044679961
0,0.2593128771348538
1,0.5739704443414495
1,0.5506172925441137
1,0.6245252111267775
0,0.04853549314168729
0,0.01676257311243259
0,0.13897217975886686
0,0.011779841898582099
0,0.19933317381410876
1,0.8838778267832582
0,0.3957429077639186
0,0.007539106066776995
0,0.21731613169641467
0,0.14773429166779048
0,0.1582153377830697
0,0.19985966640100195
0,0.4619947464186821
0,0.05612325259334951
0,0.16091535400735732
0,0.20363945194725944
0,0.30553870660403804
0,0.12872683803998014
0,0.11866558987957017
0,0.14989367033041506
0,0.12064566964115485
1,0.5370988864626197
1,0.8597004189382738
0,0.03810191695022243
0,0.019444028071434794
0,0.1270621348039629
0,0.04295072205562437
0,0.45829226762648295
0,0.006808376237170183
0,0.15227314584858176
0,0.09391630089465162
0,0.15222329098130952
0,0.21718265051377642
0,0.1643085046113108
0,0.021635256394977494
1,0.9080178567836812
0,0.07125751295671297
1,0.8750474640452147
0,0.13512049475524335
0,0.0850731059599958
0,0.11185069369528026
0,0.04304464961922711
0,0.09584982913243666
0,0.014968201352263353
0,0.26619167417767375
0,0.048861257883205333
0,0.22233817799510855
0,0.09791234374087945
0,0.3089462271152311
0,0.07041174105329207
0,0.03580326937730356
0,0.038452491295619375
0,0.01834200611398034
0,0.032584194293582204
0,0.027416377460292858
0,0.03229027351301861
0,0.40571965227247464
0,0.06510057056497218
0,0.48120936165460354
0,0.3204150726123169
0,0.02562180590469669
1,0.806167550996343
0,0.05445940439549669
0,0.06222790700896014
0,0.07666993198638691
0,0.07090127122776646
0,0.05880051898440568
1,0.5018971088540829
0,0.23216669975612267
0,0.04986173186727275
0,0.3935368573952253
0,0.2630358206510553
0,0.04415119093910893
0,0.2821693745675593
0,0.039998947118526494
1,0.6500573252761946
0,0.01744581099677622
0,0.4352692235485986
0,0.21123507154007998
0,0.466098913887996
0,0.031633888179709205
1,0.8871241304222464
0,0.04347853746754452
0,0.14160765063581748
0,0.07405312142172038
0,0.18472401122217394
0,0.0003967446891211059
0,0.05505804916034814
0,0.12051736720120161
1,0.6565405864825451
0,0.029677217581382337
0,0.34649521575535713
0,0.041280974318432966
1,0.8467763927645464
1,0.6445351769599473
0,0.4122183086407068
0,0.05326793897921365
0,0.12174432440777126
0,0.2040008304150583
1,0.7872500908216326
0,0.2089756719565633
0,0.14082575138810144
0,0.3841497448490066
0,0.2778572139020873
0,0.017666335476612657
0,0.33152672084432844
0,0.12044305055724848
1,0.8355788640970399
0,0.06823422106109046
1,0.9609530645040181
0,0.06237011089566513
0,0.06903226851744212
0,0.12140567333714192
0,0.08067615521471591
0,0.02083965113917021
0,0.2134570782589982
0,0.04178586745495266
0,0.3087633764211511
1,0.6884200106739431
0,0.2053313960633116
1,0.9017061461049024
0,0.3060574475423321
1,0.6613466912983278
0,0.1318774082170866
0,0.038515432552867074
0,0.054345834404180934
0,0.05376897044478715
0,0.04095952616584125
0,0.05091179679751498
1,0.5319394980998224
0,0.1387781803562138
0,0.19173256618308138
1,0.8952134668279506
0,0.0421194934941772
0,0.4399687278605402
0,0.02131802396370745
0,0.043020388551084095
0,0.1937040708934932
0,0.14493195040078963
0,0.031409307771569125
1,0.528644957624707
1,0.6067173432525066
0,0.03266467811822638
0,0.06168073255901528
1,0.7499821847064645
1,0.8051971999143667
0,0.2270906085172007
0,0.014711606109783868
0,0.11225500119833197
0,0.07244882484049206
0,0.09392478924567421
1,0.8233174337092761
1,0.819066145296905
0,0.07216477241591575
0,0.29664587553629396
1,0.8605297368267457
0,0.3634952659127486
0,0.23695087388647773
0,0.0302882522113577
0,0.2880616352421553
0,0.27463824442022783
1,0.9910654960615726
0,0.029604414394092893
0,0.188002118340394
0,0.03922419699044462
1,0.7540168253234906
0,0.011505111556578169
0,0.14597952380022322
0,0.1438670492344935
0,0.06987774657088874
0,0.09626880109582817
0,0.09531521824150288
0,0.29528752017613885
0,0.16849932555189903
0,0.022707549686522686
0,0.009346263250457239
0,0.22283787669001948
0,0.3515149692050101
0,0.0586621810981408
1,0.5970720444182347
0,0.07484774456865151
0,0.17968961039168474
1,0.5449188589497798
0,0.25637660798621636
0,0.015383875038265445
1,0.5059172346189228
0,0.05713038275393256
1,0.6681529770561767
0,0.1278280565296845
1,0.9395519556028636
0,0.01346150323312208
0,0.3678273998022472
0,0.018017123969902078
0,0.2526272404769134
0,0.08220531500623764
0,0.07599130802403732
1,0.9478888748415752
0,0.07638590289649123
0,0.1593820424874946
0,0.17670684990293883
0,0.18709978662782864
0,0.040926148839666394
1,0.691969361008319
0,0.3400623180353244
0,0.009559979783988851
1,0.8035652593147373
0,0.009115132312207794
0,0.042390735852924376
0,0.24234881070606318
0,0.030461951880218115
0,0.028525781718559975
0,0.10810461181254367
0,0.09874824480678626
0,0.057293810750769045
0,0.020736990933967483
0,0.13716542349017485
1,0.8059648555207871
0,0.18777022921290512
0,0.02571999198171649
0,0.03711093251735811
0,0.020032136771419566
0,0.036123357046422146
1,0.9408196431762835
0,0.22574131453015875
0,0.3277405064408212
0,0.1087679002242781
0,0.2559089412384409
0,0.03552789960995423
0,0.49288522783262395
0,0.17607785574306087
0,0.08145556846781934
0,0.030434436577152713
0,0.44005705037834353
1,0.5969496408732745
1,0.5084375257254713
0,0.05923703145839808
0,0.10107248975488915
1,0.8407972815492464
0,0.07956994188539956
0,0.4153151412393647
0,0.04164649991776624
0,0.08377454911378987
0,0.007473718053611347
0,0.031133189982408997
0,0.39122262550348197
1,0.7995646358759022
0,0.2706538128880397
0,0.019746796697380716
0,0.025322048994828508
0,0.01095710635812127
0,0.027179330879360898
1,0.7413076611783934
0,0.05473382272806352
0,0.11113459032381635
0,0.44483993335671823
0,0.06133567603341926
0,0.04377730462859386
0,0.41629753660498536
0,0.06500590377815003
0,0.09379416549566158
0,0.03458400254011001
0,0.04002165480751843
0,0.15428852418451935
0,0.045336285126225256
0,0.030781098322358064
0,0.14651212111449183
0,0.3103544899313219
0,0.12251130235727543
0,0.134336581852838
1,0.6476721417351547
0,0.2454458778601217
0,0.06189201715170606
0,0.028096052212839263
0,0.15185766059035027
0,0.34612816229435944
0,0.16957623780911932
0,0.2910387384556745
0,0.07410172096592552
0,0.07145835514818868
0,0.03138758546058625
0,0.017562725832553052
0,0.05104827841263041
0,0.026175493255634615
0,0.15163624580129056
0,0.36221927858004477
0,0.19647992626389918
0,0.08618265437081167
1,0.633398399237959
0,0.05093497631347586
1,0.7041602799736074
0,0.045711633616493934
1,0.9212032660933973
0,0.10339931538428579
0,0.07955035970272094
1,0.688467940062106
0,0.111029045004285
0,0.11921971201398916
0,0.1316652032116762
0,0.4891847717021452
0,0.4522904399594797
0,0.2009153853318507
0,0.2532946031163486
0,0.1514103040802243
0,0.32503604867106084
0,0.18058677508948107
0,0.11805793986796474
0,0.10070816304373446
1,0.602488918681234
0,0.02900339605399883
1,0.744301905855339
0,0.4101644845296617
0,0.11919682966977381
0,0.1222586467718459
0,0.12039477393566667
0,0.013937318322207237
0,0.03287645649330125
1,0.8395949657711448
0,0.10609907745402838
0,0.12377215440913193
0,0.0920666277639589
0,0.399500645563349
0,0.18157634455031096
0,0.4335090402082156
0,0.040513560405349716
0,0.04515831470218059
0,0.03140927224797193
0,0.06676959806366309
0,0.02219066866963191
0,0.21161999999362358
1,0.547189946377449
1,0.9023917630492702
0,0.05345653869898764
1,0.8721018735569129
0,0.1975364002912489
0,0.4851802366522953
0,0.013076287990702753
0,0.027756436099489926
0,0.0003748367423846042
0,0.014056181488338933
0,0.22166775518980394
0,0.09448613557871845
0,0.46888288994030375
0,0.006994858556950068
1,0.8836784230491868
0,0.014467065545962842
0,0.07390029361507984
0,0.320374328296395
0,0.010297582439526588
0,0.3495276977581411
0,0.3118081400062095
0,0.3407454684680151
0,0.2253273983908723
0,0.034615619321624234
0,0.06226272458700045
0,0.023581646480890832
1,0.784760230556372
0,0.00042656710492993197
0,0.1657896006519465
0,0.030429305409219592
0,0.025540560956039474
0,0.29765386655816134
1,0.6849299314260998
0,0.07623585280693052
0,0.09615103069911922
0,0.03179093110183087
0,0.031724068103559884
1,0.8399931794466308
0,0.015277304254168081
0,0.049040208219848225
0,0.0167469579499312
0,0.07737321967822923
0,0.05496816864713307
0,0.3550645796648618
0,0.058621983500254604
1,0.9072461684610601
1,0.8170946697299238
0,0.14069841871828212
0,0.2710857234033244
0,0.037453148616249786
0,0.1206485192266496
