y_pred_lr,y_pred_proba_lr,y_pred_rf,y_pred_proba_rf
0,0.12179649634579867,0,0.38629813901778937
0,0.1848927730120639,0,0.10895751953107137
1,0.5278851103701477,0,0.3969053450059359
0,0.20563972275000672,0,0.059863503618235336
0,0.22833833886416185,0,0.19171477386604374
0,0.35433001842197503,0,0.17595946540827995
0,0.12137144008195858,0,0.17815827072056972
0,0.35002307447678793,1,0.5505231058333969
0,0.1192949665470897,0,0.10702820953030225
0,0.1577147377322585,0,0.12116589394955975
0,0.3324103435434103,0,0.10771112421320955
0,0.1494975578317315,0,0.20784577729680487
0,0.4808468379184322,0,0.3503109880510975
0,0.1756241485373556,0,0.20449215267755483
0,0.07538946070163643,0,0.15412845314420281
0,0.06141726793628186,0,0.08611729650896724
0,0.14648035230560147,0,0.05618741372740784
0,0.3461921185430742,0,0.20003790888823406
0,0.18319842405783276,0,0.28507010823379975
1,0.6270330619938342,1,0.7330749912849507
0,0.3281789729695373,0,0.37085249907225987
0,0.2062322733386555,0,0.33852792503226714
0,0.14150732062888702,0,0.24273238955038726
0,0.22891920348816802,0,0.16397940557110527
0,0.480822276864529,1,0.7687479378637083
0,0.12098304672672724,0,0.15321118701283068
0,0.12722689446372107,0,0.10569766150084181
0,0.04898594602677587,0,0.04797733526185868
0,0.031805249663805615,0,0.13493562234200338
0,0.07315521303351825,0,0.06331471969631776
0,0.11334399234764593,0,0.07583570078853731
0,0.09391821594471289,0,0.0949549348628471
0,0.08775081283933432,0,0.07824625325592344
0,0.10499937880894278,0,0.06127855598663193
0,0.4386234610336706,1,0.5860547781413551
0,0.4393344193326313,0,0.14288695196708998
0,0.2219567567052238,0,0.23709906347431844
0,0.13505654166680123,0,0.18340779627445028
0,0.047343741442620255,0,0.09386007585924692
0,0.1777283511033974,0,0.30410630256197724
0,0.1628533338088513,0,0.058912338165856566
0,0.08271022693819641,0,0.03365266667823436
0,0.08125450286965043,0,0.05189306827274602
0,0.2484051516879743,0,0.47744242434721507
0,0.06243829234068643,0,0.03565050367321786
0,0.10568774894620372,0,0.11703973067800906
0,0.07838709544165642,0,0.028346692019932965
0,0.037803102959688036,0,0.10452886072874427
0,0.09874898449729615,0,0.18545371150552203
1,0.7653667436552132,1,0.6420254729345316
0,0.12281154701622803,0,0.08299961439970721
0,0.12143946122437305,0,0.07947896373250735
0,0.06011054786627173,0,0.04144595589945736
0,0.09916490993365462,0,0.13596248674504674
0,0.05389605726978237,0,0.03804780978590422
0,0.2378110882542985,0,0.36132026465787226
0,0.20004815218004499,0,0.18600184117858182
0,0.11243280762997243,0,0.21095140981477112
0,0.09271343196478893,0,0.09129096383308401
0,0.0991760826159021,0,0.03265990760322734
0,0.4020679209072252,0,0.13274805458291664
0,0.13081605647828706,0,0.06559421614119182
0,0.257094874392808,0,0.25354872180898874
0,0.13834029178606105,0,0.11411408993417547
0,0.0941762191391646,0,0.02869457228060817
0,0.04520984297812682,0,0.021101134975829713
0,0.2111570515571777,0,0.11436109344964115
1,0.5908681075630248,0,0.3440878843729955
0,0.04568842729164591,0,0.04142033617057793
0,0.26298328749303307,0,0.35617618553459557
0,0.3112246326960455,0,0.23393848339916704
0,0.11524424581190224,0,0.22547967494023932
0,0.15010840689013388,0,0.1626050935780227
1,0.5352727491222834,0,0.07130589010414375
0,0.15441424218962557,0,0.10764358885619993
1,0.5270948311202814,1,0.5678269975889801
0,0.2540941140177232,0,0.3559828182685144
0,0.13527161893700937,0,0.10102489155699282
0,0.1874614567970859,0,0.3545243347173922
0,0.48661044864441577,0,0.23615505825229335
0,0.08646104204662718,0,0.06701187515019055
0,0.40366035401297984,0,0.3441693095794374
0,0.1324640759458562,0,0.14020429661953207
0,0.07515573148300074,0,0.07549331864339362
0,0.2338717478676578,0,0.2935234377098611
0,0.0671037039490802,0,0.06301520818152995
0,0.36660675173376284,0,0.4556621684588091
0,0.11959263247528315,0,0.30248053566089506
0,0.14493767707381844,0,0.1200237253642565
0,0.44246597588750486,0,0.20530320946922007
0,0.077171349258319,0,0.19626150337935971
0,0.19343568499263755,0,0.1539260699096966
1,0.5835470645919905,0,0.22537060416663984
0,0.0904330719360983,0,0.07446312401958544
0,0.028340391518146216,0,0.01693039814301128
0,0.18688493408626441,0,0.3342921081772936
0,0.08167350254191229,0,0.05375830405934436
0,0.0265699032996428,0,0.01721919739156359
0,0.091765174909943,0,0.08664517548664488
1,0.6308786111390445,1,0.5632704626943271
0,0.377936455001791,0,0.185410844353621
1,0.6720827486651552,1,0.8022900916588217
0,0.1102285220588745,0,0.10061363172856956
0,0.3218127571546531,0,0.2989646253962984
0,0.10248722018992923,0,0.09205912187452095
0,0.11838319036239443,0,0.3529444010999922
0,0.04594025215845024,0,0.035021249334185454
0,0.04068707660435311,0,0.037654249006206106
0,0.32381367460193966,0,0.14844465637740062
0,0.1662218300443592,0,0.09145971503119309
0,0.11061184985337467,0,0.1097737676969301
0,0.049199795154595764,0,0.023677565096995878
0,0.28576315510965855,0,0.1526557692168483
0,0.03837469950488254,0,0.06878100270229395
0,0.11489176158049422,0,0.08494765404404317
0,0.053621194567853483,0,0.03536578647753206
0,0.18686980159632827,0,0.16655670030550568
0,0.03465946423096468,0,0.086716323809467
0,0.17587369263635017,0,0.13558811805313584
0,0.18383425239191897,0,0.4042486071983712
0,0.05645989682134323,0,0.026555043898154135
0,0.1622141991904054,0,0.14585949528764355
0,0.20241098686609915,0,0.118533178968428
1,0.7678555979440334,1,0.6553584051037596
0,0.26392570906632173,1,0.862368431490999
1,0.607534044284769,1,0.7651576260244528
0,0.06476399206260311,0,0.054175193375486534
0,0.11085439813224751,0,0.2497013895052672
0,0.10221569423188917,0,0.2084194879450708
0,0.053952741164652936,0,0.06500196221120198
0,0.2409490331057406,0,0.19476312534459597
0,0.11221175974922593,0,0.04283938856635444
0,0.23099305030080253,0,0.1619718717115169
0,0.17675400951447584,0,0.1324716187011026
0,0.27463126082302874,0,0.262135421757347
0,0.23009845882494354,0,0.179352548816261
0,0.0365002440617664,0,0.020591442349387968
0,0.12461067254978196,0,0.17279911840422849
0,0.16928104925365384,0,0.041257090445507766
0,0.388550972472285,0,0.3482264138794291
0,0.07413192425887001,0,0.06389359805980596
0,0.2276929804323807,1,0.5037187128168719
0,0.25159788411039125,0,0.2592181335094206
0,0.041704480513205563,0,0.045411496107588406
0,0.13850165457535296,0,0.057952749070441484
0,0.029198809830718,0,0.031822145022045195
0,0.261025851545352,0,0.4037999875974257
1,0.6168902823895889,0,0.19002655323535872
0,0.09423536123292482,0,0.032716551840974877
0,0.10686931392823609,0,0.09466339935781055
0,0.05193031230923518,0,0.03559101521981995
0,0.2166963847024784,0,0.10772048526471995
0,0.4215518812523246,0,0.23225065157739938
1,0.8400076571815156,1,0.7872678776562358
1,0.6318660991298242,1,0.8173479919440433
0,0.16981217132430285,0,0.13097712592915123
0,0.10822261828356637,0,0.036089437706078545
0,0.11054387533194375,0,0.03794490708992069
0,0.06683512628723026,0,0.07717484497631828
0,0.47799003125041867,0,0.46390599001347227
0,0.07446287093235579,0,0.07953513284404289
0,0.13981002669169124,0,0.056290646077356524
0,0.08057648125244231,0,0.04153903137727319
0,0.21110381230462652,0,0.14483751168778022
0,0.032249834299867844,0,0.023522798156710576
0,0.10851573615978742,0,0.12246672065361466
0,0.09934100488740823,0,0.06870597720200837
0,0.08746553848851335,0,0.054114942692669275
0,0.2211330938447929,0,0.32247104659419273
0,0.07341278257803428,0,0.16951579154275503
0,0.03511372725163567,0,0.0822511267884025
0,0.09442176185666626,0,0.08301381688465971
0,0.03125935908977235,0,0.020677698724407084
0,0.21265497732169397,0,0.27294330578330867
0,0.3326646106494972,0,0.2310504664129432
0,0.2820656536213881,1,0.54271591473739
0,0.18684203501623123,0,0.1876497928417537
0,0.18679242334895868,0,0.10894834570060376
0,0.1130418349973782,0,0.09286417529554047
0,0.20341168229174061,1,0.7700939058668971
0,0.01745530012647373,0,0.021574972260402205
0,0.0432262084048613,0,0.04045130594921795
0,0.07078720980143763,0,0.02121841914334394
1,0.5022513409543269,0,0.043825283522446405
0,0.1534394226699277,0,0.07223198967990266
0,0.07792774759274307,0,0.18551917703266776
0,0.46120857903658097,0,0.2630031172836307
0,0.3086972854471458,1,0.8839219443246086
0,0.0395171858664089,0,0.030158476984224077
0,0.07478912203519088,0,0.03711161863221207
0,0.13000825148416578,0,0.0701330996292481
0,0.04344498260791605,0,0.10198560223030563
1,0.635581240175322,1,0.7519869367087172
1,0.5494442706620574,1,0.804260817529345
0,0.20524707494628183,0,0.20859248034371905
0,0.4038341416261083,0,0.3944581844900821
0,0.26959919561611423,1,0.8645555438689199
0,0.06680035379075103,0,0.07411223484018105
0,0.415512649564445,1,0.6066876058116091
0,0.24463335611394016,0,0.07829581871325257
0,0.16882873617894825,0,0.05373260277206153
0,0.03009211839099663,0,0.05741525874355848
0,0.38153084693934564,0,0.37537126949122135
0,0.12056026449782695,0,0.11080409834186726
0,0.33106670426216767,0,0.434297444611137
0,0.20515349583568895,0,0.14146845912729922
0,0.18874862375528673,0,0.2207444864983962
0,0.0652961685978661,0,0.1484760963590991
0,0.18355623907903754,0,0.44279839860254105
0,0.36936350730082,0,0.016647928440953606
0,0.14625471225182773,1,0.861315785983813
0,0.12205835571672287,0,0.030446986199370966
0,0.06898789890466885,0,0.04016521404817243
0,0.20683860704872561,0,0.3016608396037704
0,0.06192837351653902,0,0.030811714959385717
0,0.13314562253886802,0,0.04479785850246027
0,0.11238967566807659,0,0.03256703530735543
0,0.4009415398895504,0,0.3776026457920468
0,0.06159345132374099,0,0.03203536029533392
0,0.05400807268202653,0,0.026301952682521182
0,0.22563445124459694,0,0.23453022554025257
0,0.46125054189181586,0,0.42161669419517417
0,0.04025081055829196,0,0.056799966511976684
0,0.06220525691537921,0,0.025777327666396097
0,0.17413827789145236,0,0.13258682879552414
0,0.03477509332874223,0,0.01731175359893911
0,0.062205625117412705,0,0.054323733479247766
0,0.14096039699926305,0,0.2156109262131954
0,0.06656231163402837,0,0.05945002915527053
0,0.2866987487400953,0,0.35462417418350206
0,0.09687532343329493,0,0.07545976037803767
0,0.14571655456883548,0,0.04605967079386491
0,0.388362531555841,0,0.39711700185634513
0,0.04877965684987711,0,0.04788650066155016
0,0.26070363342952696,0,0.2522980777316931
0,0.03378372022331033,0,0.08553610885680975
0,0.2101588556426201,0,0.08412616686925484
0,0.23915923130414454,0,0.2569816804884391
0,0.054773610202352774,0,0.1373254949223055
0,0.20821436285584585,0,0.35806228370137355
0,0.23652575532705578,0,0.3615263703856522
0,0.1284977074586677,0,0.03764056531177255
0,0.181126223164799,0,0.29603349866405626
0,0.0561179788782819,0,0.12645720539971064
0,0.06341079940662783,0,0.03134082481226634
0,0.018571216297578724,0,0.01705298689726122
0,0.06909976030264744,0,0.07383420240774755
0,0.047241320318524745,0,0.06928727471331475
0,0.25063943877970285,0,0.14532491028717837
0,0.06154000177097636,0,0.050220476180450356
0,0.11799121305548911,0,0.08305623579252709
0,0.37338139582465907,1,0.523002348106389
1,0.7044825494345434,1,0.9362531144440722
0,0.37784433777792215,1,0.8077152533220949
0,0.29722285902545165,0,0.37470025643458654
0,0.24154315630288548,0,0.22903562641818412
0,0.4091891021090754,0,0.22447773727141057
0,0.08701332254801711,0,0.025343297889004787
0,0.05662269052923551,0,0.09650072516934101
0,0.3309413001616182,1,0.687501415534976
0,0.18132879224209547,0,0.0982196260964051
0,0.2583924487824563,1,0.7219015514049061
0,0.04391342434411091,0,0.1562220235948089
0,0.14244142108578234,0,0.40237712795694214
0,0.061917331902264505,0,0.027860737304271375
0,0.14486392195128406,0,0.07800940348678452
0,0.045489199252819655,0,0.06588133814798565
0,0.034988827534571824,0,0.03303199486682587
0,0.2119077401031465,0,0.12161494821921133
0,0.3937198589309064,0,0.12904107816949406
0,0.10469028714814081,0,0.08996660395594228
0,0.04775963631892451,0,0.025766910492822696
0,0.1614354068544569,0,0.21460393796938107
0,0.08775283234915066,0,0.060877915639243475
0,0.10583997800471916,0,0.40240671559493246
0,0.2705537582491244,0,0.16248990844335331
0,0.1768026338610111,0,0.13174081405257307
0,0.19635468901263178,0,0.38214352507060956
0,0.20835974459214185,0,0.3066138330644199
0,0.048177096438917356,0,0.024952575356896566
1,0.5309545222639763,1,0.627564727996167
0,0.38836430027421,0,0.42711143300957505
0,0.13688692373082853,0,0.03761950798333618
0,0.17812501981460171,0,0.16933773172058622
0,0.4770327062772863,0,0.4999482602604077
0,0.1408892284040816,0,0.08481725165945532
0,0.23077339728082968,0,0.2479758564031984
0,0.2770863567778266,0,0.19219123375283245
1,0.5958624151107107,1,0.8365113507775775
0,0.2954103163855883,0,0.32441596550597446
0,0.06509204482875913,0,0.13363533824342627
1,0.5521405909233679,0,0.4813294855034303
0,0.01189680435896506,0,0.037533107054372065
0,0.1667285395090259,0,0.10074424919603925
0,0.21000627931119195,0,0.3109151773507234
0,0.15895523502380096,0,0.04591912821985179
0,0.22772656126552593,0,0.17120901564133356
0,0.12054876459314907,0,0.08280261514804713
0,0.1198456975720077,0,0.118568645555917
0,0.07024876286587715,0,0.043900262552568986
0,0.09930941724371346,0,0.07348067995419362
0,0.29000476510297807,0,0.26012895204903247
0,0.12863769339022788,0,0.034610363392801366
0,0.06572370844191368,0,0.025852142291204822
0,0.03317784965558477,0,0.05505260495496688
0,0.03430664990176437,0,0.09331875228862004
0,0.46574398041490056,0,0.19279473568889927
1,0.5927714567045114,0,0.4469886909337374
0,0.1416626437263562,0,0.0385255434534984
0,0.2988034816284951,0,0.24598332793164548
0,0.4646506704070785,0,0.24816741842315523
0,0.08878027988813224,0,0.08148127381325491
0,0.10870329770046958,0,0.12879272936995703
0,0.04735083523481909,0,0.20793986011479812
0,0.21386593993568268,0,0.1494452680051725
0,0.1090439755467431,0,0.038080794988850204
0,0.08958312212103946,0,0.04219829862737291
0,0.12497295938451417,0,0.13419929622891938
0,0.024856462454498542,0,0.01731521879251056
0,0.347111335403097,0,0.10491861070242868
0,0.12398605263263361,0,0.10682802263044777
0,0.093316686046865,0,0.0570146532709651
0,0.414224657270394,1,0.7250312173179647
0,0.22630580647442736,1,0.5421900635494826
0,0.14366609299708638,0,0.12802423350049466
0,0.28134128812408704,0,0.1389787650927303
0,0.11607925645879451,0,0.0325096915301442
0,0.0903079725406942,0,0.05182591782642337
0,0.1676685436291662,0,0.10379110945747781
0,0.17632277963657636,0,0.13413105588508778
0,0.3091753700533403,0,0.14481728380536368
0,0.0912736328812084,0,0.023344468018748437
0,0.3684988651556361,0,0.4883312537050075
0,0.09027691716122344,0,0.05194370776863848
0,0.16815755647596847,1,0.8271034116476487
0,0.1571625176361637,0,0.1992724879699496
0,0.4298090816224667,0,0.426077009162664
0,0.338856702918978,0,0.28647748272541257
0,0.28292805549607275,0,0.3109556671858336
0,0.15710353361639426,0,0.2593916393605182
0,0.12226133841085697,0,0.04117294301559318
0,0.2154044306701172,1,0.8233574482674259
0,0.19547412260015068,0,0.08895756052828735
1,0.7118634421450383,1,0.8661117077208152
0,0.07694413678819038,0,0.06786405504627564
0,0.038086728231996436,0,0.053385300014187405
0,0.11400202188361767,0,0.04911529305902398
0,0.07639483744350661,0,0.043805988376285715
0,0.11815969591553373,0,0.17809659420133758
0,0.1477331847355527,0,0.036492180144651915
0,0.365130021303226,1,0.6066095005590504
0,0.27034583954806674,0,0.36964588873205784
0,0.07060767994877173,0,0.07302990898520487
0,0.17286567280234677,0,0.25085359783412825
1,0.6279261809622392,1,0.5325668795160962
0,0.08781335530415474,0,0.03339781782345821
0,0.2775858956782232,0,0.08443555936112787
0,0.12128647629356093,0,0.08267102705722851
0,0.08729280978567361,0,0.11498037878931333
0,0.1172770772020568,0,0.08404397220216138
1,0.6209850452008865,1,0.7490384653443943
0,0.1823874058856927,0,0.07773093055187863
0,0.19078962235503774,0,0.15550383156182504
0,0.17199291138233472,0,0.04142773113900731
0,0.3976330015131072,0,0.12429982468226498
0,0.1489597774588927,0,0.2813767152586867
0,0.3766003568951674,1,0.5691113401021141
1,0.5152783639773851,0,0.12496029361252586
0,0.1243260286983811,0,0.12270736572683402
0,0.1537972140281509,0,0.1156705631651642
1,0.8273154194882665,0,0.36077352520713235
0,0.15958867101274662,0,0.08073559567543893
0,0.33241583956028464,0,0.14071611200529133
0,0.20509148937633961,0,0.3172644030821703
0,0.12295883879900613,0,0.09938976891846008
0,0.10318443274043189,0,0.03151008912485561
0,0.07327713022720352,0,0.07743589544570699
0,0.25726931241317863,0,0.16037345553955085
0,0.14357271703634508,0,0.19108159158237403
0,0.3200521944939281,0,0.4738594736090752
0,0.2748934135415175,0,0.12200465051984216
1,0.5788507092623398,0,0.4086131216084025
0,0.15362324219181453,0,0.184167086782307
0,0.09656313191183223,0,0.02997783077435572
0,0.2632429601966209,0,0.21465045980184022
0,0.13496780606799305,0,0.08089126599503932
0,0.06387723217025805,0,0.062352654827494865
0,0.12044584047501157,0,0.08312475250989149
0,0.05783932834397749,0,0.08672147272759849
0,0.1439647175120655,0,0.12044189301027414
0,0.08476818873822099,0,0.09693933871340352
0,0.15122761332772997,0,0.1076103007501656
0,0.15297367021419392,0,0.3598407987761997
0,0.19887532157270993,0,0.21105918087846848
0,0.06936035689560652,0,0.05090904177332602
1,0.6964044681508228,0,0.22893803134632013
0,0.2539362031270752,0,0.2815400683593902
0,0.3524594955165772,0,0.41779993088765854
0,0.13067527700248524,0,0.0373572320737615
0,0.14384228285340786,0,0.043538919544115665
0,0.031498732698832334,0,0.058880136751940926
0,0.08778302218846569,0,0.07611166033020614
0,0.0913478448796569,0,0.08328345032798781
0,0.04067921740366346,0,0.02855554555225145
1,0.5483406187718993,1,0.7106252533897407
0,0.19660878717666877,0,0.2405711404874796
0,0.16189170245318474,0,0.0666056203528474
0,0.09282119257262282,0,0.02511476516444982
1,0.515105590193497,1,0.7479581697431535
0,0.16219600817885635,0,0.14292631557988594
0,0.11676619487416086,0,0.18836549625717602
0,0.28907192282042576,0,0.17692713183876116
0,0.2456336549533024,0,0.29105485162739514
0,0.31118351857032933,0,0.06444360341691095
0,0.0992153688565173,0,0.04733527641590995
0,0.40790285118511227,0,0.16871914177022534
0,0.1588052140968506,0,0.08388517082991395
0,0.21362607222811122,0,0.09647905134323498
1,0.5134353827886409,1,0.6782028067923939
0,0.3675946348238206,0,0.4855563975002347
0,0.03649507055749612,0,0.045697835026107844
1,0.6678039481042698,0,0.43592294435313306
0,0.03237311855467923,0,0.040216701351745814
0,0.29054143452985565,0,0.15089467059550252
1,0.8309522018571585,1,0.8306604812873795
0,0.3909747585898428,0,0.14490301404297898
0,0.06599403300200016,0,0.02150005751338412
0,0.3255486430146992,0,0.21941596681065176
0,0.0326995145930688,0,0.025066959219738196
0,0.2729805841132882,0,0.49126147827759853
0,0.38750779317734113,0,0.09243821608219446
0,0.0560652220238308,0,0.08215265667827035
0,0.22429174409447108,0,0.3064394767066355
0,0.0551427699732545,0,0.027342539649828267
0,0.0756206306161819,0,0.025771541515339617
0,0.16306039990228388,0,0.06117713436963323
0,0.04620437011874505,0,0.06007799504285081
0,0.022001212790615458,0,0.018752340459632765
1,0.7153395326568711,1,0.5749436749809387
0,0.27614945016368425,0,0.23557371391791068
1,0.6143364130397333,1,0.5364691476503561
0,0.06499174172919424,0,0.034012229210115014
0,0.06835100169959141,0,0.05893211649639702
0,0.24362861453494858,0,0.09343014995704933
0,0.22935497697162985,0,0.11322249154418997
0,0.03623082258045135,0,0.061315542823692164
0,0.1450924785392747,0,0.044963296254050086
0,0.0547133678987587,0,0.03041678009258954
0,0.05319665019736462,0,0.023952009657256225
0,0.1472345631362014,1,0.8326295527968948
0,0.1129016636411809,0,0.17657990904271348
0,0.08685629264225814,0,0.13201032936823265
1,0.5949655916297688,0,0.152353149914189
0,0.16489615614119835,0,0.09689151414825568
0,0.15755383868450334,0,0.10607998325375818
0,0.11871270385344686,0,0.09433770486373236
0,0.13739328873062776,0,0.19954220412871998
0,0.1765294560732882,0,0.22489741329908333
0,0.16655067074204136,0,0.09225761282315327
0,0.13530132768170816,0,0.08427220241919425
0,0.014010300082652569,0,0.025716760577472093
0,0.02249455182515127,0,0.01835975448930872
0,0.11215254718067648,0,0.08844639009080472
0,0.25847652874732413,0,0.11033563296869991
0,0.0760981688741043,0,0.04147617409534462
0,0.06432136973846736,0,0.04878555822856348
0,0.17140501240116343,0,0.046471034409139536
0,0.3491703390500227,0,0.22546767278201962
0,0.26059880779723,0,0.31847389902679696
0,0.12562907333242218,0,0.041248497900122694
0,0.4096250321462882,1,0.9128346152776085
0,0.15969004083324792,0,0.09841347677232573
0,0.16737409675297313,0,0.08728618580299409
0,0.13102412998619026,0,0.102417814805364
0,0.05767119873225705,0,0.028343841948068237
0,0.13303448759013123,0,0.09185494218486251
0,0.14384421327627678,0,0.20286370716253288
0,0.04438618452293251,0,0.07606619722126387
0,0.2207915445120237,0,0.2251476847495981
0,0.12141491467202015,0,0.031286230734441256
0,0.2508704181320364,0,0.44879065503658994
0,0.15598090333857995,0,0.09266169893423351
0,0.1722578394793149,0,0.323422043327659
0,0.08639267373881093,0,0.09889196544113502
0,0.11429830653206009,0,0.07491734045809323
0,0.34281095191536104,1,0.5719524292742747
0,0.3709204715156057,1,0.6944504921628354
0,0.22778240759429105,0,0.2557662928604617
0,0.05183265304751588,0,0.10473887061339374
0,0.34162022958757754,0,0.16152736752036367
0,0.037875065719205105,0,0.09148528865217335
0,0.2308420969937696,0,0.2764283055883757
0,0.025199283828827246,0,0.026560652503702098
0,0.2983996324400206,0,0.15531500752554417
0,0.23976830931743345,0,0.25531893957800283
0,0.23400818561143027,0,0.18724931281396234
0,0.12329304562184486,0,0.25081843035863893
0,0.18522563009403398,0,0.11908078229469478
0,0.06807655786056555,0,0.033425303451516446
0,0.37428557368396165,0,0.208058530308784
0,0.42496231489495756,0,0.48134297309147983
0,0.09453638104039169,0,0.02525446538292879
0,0.13011654634280298,0,0.06819783442537004
0,0.13231648708478913,0,0.10574827467725585
0,0.07751301089910238,0,0.24067628899312596
0,0.10043096560213509,0,0.08515056189549844
0,0.25403862845403197,0,0.13911251728614174
0,0.1383326693757563,0,0.11455783045701005
1,0.7048179250718587,1,0.7151032353947133
0,0.46683022772472754,0,0.24592731052533343
0,0.3708513989623912,1,0.6155042648550142
0,0.33723488829764675,1,0.8571952478771229
0,0.17312273393041058,0,0.11151914140372027
0,0.09144556527675954,0,0.059998262380973506
0,0.046588010259517997,0,0.08206594537081438
0,0.038221186431489994,0,0.04591244344175704
0,0.26334916547083465,0,0.1262343857721272
1,0.7974812475127716,1,0.7099083543591638
0,0.24454551669593236,0,0.2844266206614698
0,0.13916976429707228,0,0.035987159768935795
0,0.25916221355356284,0,0.1292282658098726
0,0.07705649409047392,0,0.07580443771607294
0,0.2961339842066066,0,0.15941421638797187
0,0.0876221401304817,0,0.0426888188939811
0,0.03970583762968825,0,0.06255408587618999
0,0.09938630228907647,0,0.07764983405133825
0,0.4233841703852695,0,0.29651870430871663
0,0.20113214274507726,0,0.08838507101445471
0,0.20387500805640701,0,0.08086408033284653
1,0.7095241722398377,0,0.0997976373294441
0,0.47038387516170677,0,0.31939390292261594
0,0.2559017396110562,0,0.07876623412305114
0,0.11610880907985019,0,0.1423848573024923
0,0.08266986514970832,0,0.1614261364174531
0,0.3504048878024401,0,0.1803243238710649
0,0.23046468322667932,0,0.09829910086575248
1,0.5129548262154541,0,0.16216981392664212
0,0.33072484680812236,0,0.35053757936076785
0,0.14595498060367942,0,0.18748839063477657
0,0.06800981263105703,0,0.11370846826739062
0,0.16456232795276604,0,0.12223806153506206
0,0.2787939180411568,0,0.2030402574591592
0,0.17424601437943932,0,0.1383691330546988
1,0.5251329162960218,1,0.624383711886238
0,0.10786485100912939,0,0.18813222105337307
0,0.07946959502210015,0,0.09893459183834585
0,0.20762978847867977,0,0.31716841729304873
0,0.04347036705539792,0,0.0637543228058591
0,0.023130539015940896,0,0.06405967420575766
1,0.5073700482731732,1,0.5867273088532436
0,0.06797165975986412,0,0.03148975083246042
0,0.20819469158495915,0,0.06917479802881421
0,0.030353925109949664,1,0.5336416107455207
0,0.06244777834768251,0,0.1763789126700987
1,0.5625549946756453,0,0.42101195655858303
0,0.03684513276524053,0,0.13233784575665536
0,0.1333333712492576,0,0.10634539268364217
0,0.07318701588224064,0,0.17735598561378796
0,0.13499768955438107,0,0.2077594467371133
0,0.0685195604558639,0,0.12174511193177111
0,0.08096489683472871,0,0.14674924455158034
0,0.33524977713941384,1,0.5966248066538494
0,0.23952545749680623,0,0.26875392135393567
0,0.028011709465580424,0,0.016583823298408157
0,0.21415082005549335,0,0.21320851769155783
0,0.20575199170524525,0,0.19738197145312214
0,0.07997569688877475,0,0.09045873291476308
0,0.19332572750392718,0,0.3045773023391497
0,0.08501503775729687,0,0.08578998719801366
0,0.1638318488656235,0,0.15164088539266607
0,0.14173632933203,0,0.06604853370881832
0,0.0633036375541362,0,0.053440295099463325
0,0.046599749184065856,0,0.08196080124779183
0,0.07580894469656829,0,0.08686545428632236
0,0.1045227920993783,0,0.1836532039904251
0,0.4897817885355599,0,0.3872234895233535
0,0.055976549503900866,0,0.05400328899532045
0,0.07054181010387982,0,0.4883190913233677
0,0.24467042324293303,0,0.10204727102745817
0,0.10531329314667462,0,0.20905688392931285
0,0.2810297295195758,0,0.3236487378784627
0,0.1164093271182461,0,0.1615625413302304
0,0.2714074376200172,0,0.3931346382629053
0,0.2793582609888992,0,0.16575882329416025
0,0.07272016735498572,0,0.07396276707764855
0,0.22226801722409364,0,0.18154792685448742
0,0.318920607930482,0,0.041321992671679235
0,0.02320570652623059,0,0.016019252897937694
0,0.2523812921901164,0,0.0439874313022159
0,0.03952620647961299,0,0.07550383828074919
0,0.08883035367709108,0,0.07957780805247275
0,0.3221747552140828,0,0.27291148695642503
0,0.47396186393590733,0,0.2984246567739459
0,0.10553793349179841,0,0.0424654970062379
0,0.28918998064973483,0,0.19989027228973896
0,0.15499983988817592,0,0.15532239684711918
0,0.11078969504123773,0,0.09348971441133544
0,0.3992240957307273,0,0.1956792807917178
0,0.12394672793349759,0,0.10968525166359097
0,0.4399429877704817,0,0.19766277290834877
0,0.08669048633535924,0,0.031212017837885873
0,0.050959575451056664,0,0.030877786958602084
1,0.6917385418757368,1,0.795956956610199
0,0.035439534346179746,0,0.049930950221130255
0,0.09455591458276352,1,0.8043318528548272
0,0.07333261649798338,0,0.05410287709033454
0,0.2468315441435646,0,0.15467457644093202
0,0.26187795378948264,0,0.2610921166076831
0,0.22866564837920983,0,0.23499915744354596
0,0.03159466845636978,0,0.09998230699721741
0,0.1728204721778877,0,0.07101494424242144
0,0.21606423024180768,0,0.1254759535248085
0,0.32034523766968537,0,0.19986465797410977
0,0.16362468476265268,0,0.10502279106270473
0,0.11560308790845535,0,0.07063183984187382
0,0.1820779711709802,0,0.16546482237710325
0,0.06095753565384368,0,0.06428099179229801
0,0.040052225777925506,0,0.0258350889143523
0,0.2642454522179658,0,0.46412106613744486
0,0.14424960462757386,0,0.033831227943506056
0,0.2083230581040733,0,0.11263896903581029
0,0.09614034853439733,0,0.08499565505610322
0,0.19383591694430968,0,0.43494418516335337
0,0.03023134698044912,0,0.01802778632218983
1,0.5053283063628771,0,0.21980676926876438
0,0.10853572001690709,0,0.10181241096447206
0,0.03665379616314056,0,0.01581780640685494
0,0.031127898397608277,0,0.017441173248688605
0,0.2134203750326698,0,0.12729770390952433
0,0.28022857881251384,0,0.37637105922386255
0,0.4501760447850997,0,0.43379846959515506
0,0.15508872941989374,0,0.24316974540944178
0,0.2985353031815601,0,0.24358093677769715
0,0.3475233165292286,0,0.4684540896948488
0,0.09181023611450181,0,0.09004442737146513
0,0.2867813669181833,1,0.7282185519461797
0,0.1426209656905104,0,0.06253254509903976
1,0.5214592048092666,0,0.48613488459245346
0,0.22514300462324097,0,0.1925976931359741
0,0.057132814471522415,0,0.028118850759324535
0,0.36327112968358183,1,0.7491086685880137
0,0.06785167087240807,0,0.050901926496284104
0,0.063632825591003,0,0.027347491728027903
1,0.5350527133715391,1,0.9166350031792706
0,0.324778173051487,0,0.05852193066057615
0,0.07765337943979718,0,0.24894924813808633
0,0.20851472377213517,0,0.23608349764810221
0,0.0912261568078963,0,0.10566261849388338
0,0.04905574232709224,0,0.05606248830748549
0,0.1031845271228003,0,0.07319441758781182
0,0.029877886369280505,0,0.024839299086482226
0,0.23048483989490676,0,0.4217475009721957
0,0.0971154226329914,0,0.16245711182859876
0,0.4017468609797154,1,0.8042604975923696
0,0.1309760640426689,0,0.05733805079772699
0,0.04526137935592704,0,0.0400553955877797
0,0.13395221704777666,0,0.1341866062706153
0,0.1038188139878749,0,0.1923509089767552
0,0.25822074424717656,1,0.9290251674606047
0,0.09675856043858816,0,0.18312508444287842
0,0.47728406007039037,0,0.2246854109611525
0,0.12548930367106514,0,0.08946112628736098
0,0.10765381732987403,0,0.09723972765349322
0,0.1765879868850287,0,0.0799361486765574
0,0.11982371591645494,0,0.0342299490218626
0,0.17073128271136173,0,0.07644797288237547
1,0.5589443448547837,1,0.9184287155721558
0,0.18093121471207005,0,0.10173318899620463
0,0.08254497360635371,0,0.07576213074509641
0,0.0628666279939998,0,0.02845738608703831
0,0.12772304674024682,0,0.04001022955535103
0,0.4325237142847878,0,0.28754296398527585
0,0.025314895969082356,0,0.04066210119562379
0,0.19233180216596255,0,0.07886556003733154
1,0.6314203386991546,1,0.6543199659798294
0,0.33861859450812404,1,0.7149819708180436
0,0.1392741780870025,0,0.11366320555279423
0,0.3157381770123125,0,0.16543019808989434
0,0.3463449415913912,0,0.3008235214223713
0,0.20252419274029673,0,0.21116526175962758
0,0.05616031609314335,0,0.10524176919668998
0,0.22031198356133133,0,0.20024300578111875
0,0.2341265538061636,0,0.15633801998770266
0,0.020106888377715584,0,0.01702825694086014
0,0.39301020667344666,1,0.5298133036689814
0,0.1194881468949009,1,0.8410353967495111
0,0.41226199171782635,1,0.7054592537137211
0,0.39370028315154937,0,0.4926903113491338
0,0.34388960284463244,0,0.032593726871750196
0,0.08888476651117232,0,0.09929228767036978
0,0.06883931630063733,0,0.059142554916276895
0,0.21949621516967613,0,0.35919929818336965
0,0.12767478992196665,0,0.19326364525063863
0,0.09203162768219998,0,0.05378220556827452
0,0.06093384316383083,0,0.037572962658141446
0,0.1518136974635784,0,0.04129724547200809
0,0.23723383012100688,1,0.8700603573046051
0,0.1906412177796939,0,0.10862068391325475
0,0.23483935314807095,0,0.09837239993409887
1,0.5017031457011065,0,0.41507022770378266
0,0.014815754089767043,0,0.016321474928204613
0,0.023399676576253838,0,0.0766894495577227
0,0.060057923262899784,0,0.04393694147564773
0,0.10825290147603611,0,0.041991116613782194
0,0.04488073566925832,0,0.025240470973517865
0,0.43405984311018075,0,0.217647291378881
1,0.7624293658100825,1,0.6892070497638
0,0.21918347403347846,0,0.04054938609263031
0,0.460839652275515,1,0.6066629053250999
0,0.22864467414222844,0,0.19290802263759402
1,0.6190505601088347,1,0.833417165193876
0,0.1842191504294375,0,0.07493466082738216
0,0.12226349817533881,0,0.20004046317180424
0,0.22089279013296723,0,0.4009942916096779
0,0.21306988280034558,0,0.11286063687288543
0,0.11677198091553935,0,0.030402145010746735
1,0.63611928549522,1,0.7763785272024774
0,0.2079412978757394,0,0.11188990070428187
0,0.09692433378887183,0,0.05403277944454131
1,0.5855364744129314,1,0.6172695035176693
0,0.13935051381474378,0,0.13427970973407835
0,0.135442484953128,0,0.24876684860684314
0,0.1187475392465391,0,0.13550467291963478
0,0.404656047013877,1,0.7179781374727281
0,0.031670106631108676,0,0.02357992238049487
0,0.1356437518162323,0,0.2292484808781298
0,0.08976754666030251,1,0.8063019208086676
0,0.14401332912156012,0,0.07858605786028434
0,0.05730360868888651,0,0.04162622319293719
0,0.24959857379331954,0,0.1010748458665035
0,0.34608526879353885,0,0.2020361819638069
0,0.19313101253098433,0,0.13709620168622208
0,0.08070361834900075,0,0.0257809071755943
0,0.16524574712991827,0,0.1179692113892975
0,0.13382515096875264,0,0.25306571425282776
0,0.13458227853999272,0,0.1642134405561367
0,0.09397217296516261,0,0.040565925959435874
0,0.04464898099787378,0,0.04848003144450843
0,0.057447746383599736,0,0.04326546330211332
0,0.3919866358323191,1,0.7482527535965048
0,0.040192138249563615,0,0.0844187680582508
0,0.12700397724338378,0,0.1064902855687939
0,0.0786744338022484,0,0.08669033286442851
0,0.10293502092393844,0,0.13005930093766285
0,0.101461742184484,0,0.09529548406585038
0,0.45959300265528913,1,0.5218145007096581
1,0.5450295862959605,0,0.4444605375956372
0,0.08171174446574524,0,0.05821907177387049
0,0.32117645898997316,0,0.26911335059419117
0,0.08335734466283154,0,0.09953549842472828
1,0.5804472322806044,1,0.7813287062114991
0,0.2990842432880351,0,0.4032209946545791
0,0.1453752799212968,0,0.13130695421832989
0,0.1189652226508136,0,0.10230003180039256
0,0.274568596454544,0,0.11347703522222147
0,0.06599399920486311,0,0.07442548364965339
0,0.17042878950085497,0,0.06781890608274446
0,0.18811041018640787,0,0.060511342677462075
0,0.08348072450058293,0,0.11566605927736581
0,0.06634303062610789,0,0.04492682488796068
0,0.17682027177492782,0,0.08215884668179514
0,0.2928086394149632,0,0.052750859270774365
0,0.165911935082182,0,0.0696349629277023
0,0.21667890434121326,0,0.07730347788287376
0,0.11735983696590255,0,0.09933491311255777
0,0.05249457946333835,0,0.06528011530523928
0,0.4049150228773993,0,0.05975249077337326
0,0.3974710230536195,1,0.8859938098206035
0,0.20480820412172943,0,0.05373216985426134
0,0.14952117298031917,0,0.405516765735127
1,0.6761141357857682,0,0.3508798193704704
0,0.2369388551789286,0,0.06165015386903962
0,0.09210323294026815,0,0.12457889629975444
0,0.40417461403007665,0,0.28445414310523803
0,0.34686143470743197,0,0.21184431981440718
0,0.37634735592884894,1,0.894365008381246
0,0.4373473978299744,0,0.3495946500957639
0,0.12050763480699742,0,0.04338889632596632
0,0.2676486048728573,0,0.12486676384789291
0,0.11952104909176588,0,0.139228662262526
1,0.6033244714429837,1,0.944566439495383
0,0.1738061723559831,0,0.10807035601837561
0,0.10997111517830291,0,0.0393703856480445
1,0.7536729022804433,1,0.6257131960354525
0,0.04902883320995898,0,0.17040150092400774
0,0.07743305787224943,0,0.030895965020897406
0,0.10278017842328385,0,0.04083845426741202
0,0.11489292554718346,0,0.09506394804701757
0,0.16783842065234833,0,0.3642342458544244
0,0.019022196664275536,0,0.02030558260603516
0,0.04531198389600827,0,0.11219730714065157
0,0.04822071069853583,0,0.018947192213351165
0,0.405935217962407,0,0.11246535860535545
0,0.4412588419720589,1,0.7492748978291871
0,0.1972340814182385,0,0.42986110144654177
0,0.2133432713918061,0,0.08935217847477382
0,0.15162820700307167,0,0.24032357094560858
0,0.18551684535492688,0,0.05200051925048931
0,0.06983376281137227,0,0.040181906981936244
0,0.1700986091744183,0,0.06541768846892397
0,0.13761402471626794,0,0.10311529599318564
0,0.038099405278015835,0,0.017240044928502098
0,0.12562957442832703,0,0.4737689591643042
0,0.30239678451703617,0,0.1304211645626968
0,0.053564434909042696,0,0.025028339743366722
0,0.05669980354730618,0,0.06572735552097701
0,0.07127373267443242,0,0.06753200144928695
0,0.12138257634848136,0,0.03301155271206555
0,0.21099784966405977,0,0.28424318716230185
0,0.09285564691747039,0,0.11421570366514718
0,0.1344336605775009,0,0.04609112256377285
0,0.09741956641843218,0,0.0969161378861444
0,0.0314428637932129,0,0.0198734177885898
0,0.04167645156566269,0,0.09137701908924058
0,0.09142990429970424,0,0.12672105394798783
0,0.17737249244853007,0,0.26983007850749613
0,0.17903150009388485,1,0.704525627142162
0,0.028877445803251647,0,0.035687975433227624
0,0.23346294547740323,0,0.18379754271804066
0,0.29037594665415306,0,0.39187125318695526
0,0.35503281306587103,0,0.3656666581018511
0,0.27965653178078637,0,0.20895834645968672
1,0.5220498934268238,0,0.09528679494200407
0,0.2510352490638968,0,0.24883750686402892
0,0.20593968782081182,0,0.1340952755974498
0,0.3941186069332214,0,0.41138784312781485
0,0.4806125717972639,0,0.10632902681936639
0,0.0235275767592552,0,0.023582709928886385
0,0.21501886406400075,0,0.1025175443890532
0,0.09466211268994754,0,0.11603377696865465
0,0.14548754593896118,0,0.1477155277737901
0,0.060183761763179786,0,0.10636559921260386
0,0.41813337844651177,1,0.9076472010348792
0,0.10042296126628159,0,0.23054288541628373
0,0.06915220394668417,0,0.051458151545873694
1,0.6348578544219894,1,0.5379732182830118
0,0.3723901102411894,0,0.4170688626151827
1,0.5028090141128316,0,0.29437920895504804
0,0.14862994846842292,0,0.10015800575016884
0,0.24188712146395805,0,0.14255036279810807
0,0.24981332343645243,0,0.22316879597673647
0,0.15590397874358816,0,0.05287887513270469
1,0.6122410901055417,1,0.7255759867397878
0,0.3758237741506694,1,0.507780984902675
0,0.13284735762482786,0,0.08808732866901975
0,0.21513758309818623,0,0.09247775438823501
0,0.05455876424864834,0,0.0228756580423481
0,0.4093681547946538,0,0.40867235347581465
0,0.4508166707059127,0,0.20182428391723017
0,0.07858617400685025,0,0.06006914909122215
0,0.316012550630539,0,0.17085710927450093
0,0.4060410372830803,1,0.6235721339983334
0,0.12993762688146246,0,0.037917501514030505
0,0.03460097597967906,0,0.02399309635832909
0,0.23677307440154835,0,0.42702970154535885
0,0.15111717854125703,0,0.21025979903098171
0,0.1835931042079915,0,0.09053173605362978
0,0.18676479356817313,0,0.25116269922248224
0,0.04850267490754667,0,0.05198138823021876
0,0.09041272632188013,0,0.12033782023168707
0,0.40327033232819864,1,0.5772991970887402
0,0.07344303596815654,0,0.05952302466001116
1,0.5026832438053014,0,0.19745185957649927
0,0.050164589896533156,0,0.030248312971786623
0,0.15187003685344835,0,0.03921205622535342
0,0.13450697383555413,0,0.08048850271381663
0,0.047301519114018156,0,0.0875215748618527
0,0.06536481520015677,0,0.04002723650517135
0,0.048328025535029934,0,0.07209189885286389
0,0.20666277480242579,0,0.1395367809465701
0,0.283927060401217,0,0.12011957993500845
1,0.5886120055437285,0,0.31430463553727694
0,0.14196243945032122,1,0.5222241502610236
0,0.08579486771239157,0,0.07575391669191317
0,0.05905936516219997,0,0.160220983113926
0,0.02584144727755018,0,0.01868191111481633
0,0.23415519774203827,0,0.3159292072449178
0,0.13768089335502934,0,0.04601645826441333
0,0.1397019009772792,0,0.09531997841442835
0,0.03581722190304388,0,0.03437339238807879
1,0.7852361995148835,1,0.8470035360138986
0,0.04287523820294699,0,0.03788234402651253
0,0.43963331234542546,1,0.7990551214317584
0,0.07938683212793299,0,0.1764681141666246
0,0.3549682603950888,0,0.12522239250095568
0,0.32228707099623205,0,0.14936950889097217
0,0.03783399688680588,0,0.01812902732522856
0,0.0931502738889689,0,0.056968163171029734
0,0.10554975909464985,0,0.14905543902791457
0,0.05355748623540725,0,0.10351709540312871
0,0.043223892828502926,0,0.023610192576117957
0,0.13563782736094565,0,0.04594855731135611
0,0.06514652722318967,0,0.04604210895181635
0,0.398296616174626,0,0.17207543715172668
0,0.19884729554302916,0,0.1889878570839561
1,0.7618082765587,1,0.8488997815581034
0,0.15883195267503336,0,0.11867201585317573
0,0.02526325517757079,0,0.06625694218662097
0,0.12922766823510015,0,0.22962899344208879
0,0.044238318340764055,0,0.022353373122958847
0,0.1778860096967249,0,0.1177419806145925
0,0.013306351594563462,0,0.016636241570301233
0,0.09655372931945966,0,0.08578298494992899
0,0.30538205829520504,0,0.24491877564473394
0,0.281617628870061,0,0.10080057397981718
0,0.1312957064929389,0,0.03502633971742562
0,0.07735045332720952,0,0.030706194744793094
0,0.10527929609091381,0,0.03437689047232382
0,0.20824430952595732,0,0.22046355702711892
0,0.02913470429495141,0,0.0333052610327205
0,0.3255349582121249,1,0.5315849311926474
0,0.08335735541441573,0,0.03294739448968737
0,0.21960121139649774,0,0.09634793275390331
0,0.2454118280960571,0,0.10772189590790246
0,0.06621173886676777,0,0.20379620251554742
0,0.13585551011310895,1,0.748910525306768
0,0.05021280839349303,0,0.03007705697903764
0,0.4922227411559206,0,0.269612751500433
0,0.2545206004418638,0,0.36628698779993085
0,0.49274424179006376,1,0.6843225270514856
0,0.1717196714283668,0,0.11911831193082621
0,0.08473653923347312,0,0.04837309481080558
0,0.18378260245981135,0,0.05637857015325757
0,0.19955751861691165,0,0.12261273685181624
0,0.11905067136598327,0,0.05252254319503872
0,0.10610857984890346,0,0.10910841245458971
0,0.0815681870129063,0,0.07730804386829576
0,0.23212477105637794,0,0.06246164993532414
0,0.4751996643142312,0,0.22602746265108867
1,0.561895800649668,1,0.548686971846998
0,0.07689358743374124,1,0.8006600440244308
0,0.27481604144647404,0,0.26571646874599836
0,0.07660030611382397,0,0.20107329154699838
0,0.138729699416285,0,0.06713006888770343
0,0.47631024837188296,1,0.5750474165628823
0,0.11658968411522913,0,0.10722744324547218
0,0.37904404216314147,0,0.20199660141207407
0,0.22922631090682535,0,0.17108688882425432
0,0.11728006634400356,0,0.08462763654043451
0,0.018153438915714023,0,0.01973863894732385
0,0.08082254903063076,0,0.05757647850170287
0,0.359599041174219,1,0.5944940724957903
0,0.049102921607535086,0,0.08172837399456503
0,0.06928328979782461,0,0.07376880451413757
0,0.2171387927892328,0,0.17037630272379684
0,0.20609382041415342,0,0.25377824602270155
0,0.0708127291395337,0,0.056354350882438016
0,0.0940274731402119,0,0.1286362281731686
0,0.2812680830513843,0,0.14753683100285425
0,0.05931985982400041,0,0.023951245163028823
0,0.36938558657399667,0,0.45104067844798945
0,0.11688089582290091,0,0.08828812574817546
0,0.495692864141294,1,0.5905248244639512
0,0.026049139481022957,0,0.02321425618558949
0,0.09483845073425609,0,0.0969327380427491
0,0.2114894857372366,1,0.7101930315169084
0,0.029370005669623306,0,0.018284354435898237
1,0.6706505501944877,1,0.8171659109142695
0,0.03288035763827455,0,0.08770303598731416
0,0.11627863736207665,0,0.1418082553750545
0,0.1999362585358707,0,0.09778446353108787
0,0.2882346164579291,0,0.17131942314991072
0,0.13710380036708195,1,0.7261918783918783
0,0.4927306783230934,0,0.41452012599845267
0,0.0791405358734617,0,0.031612412746602724
1,0.547865049207049,0,0.3955342429629988
0,0.015154269553362824,0,0.015150025755855202
0,0.2121692731157779,0,0.07808119964243901
0,0.09910754996336194,0,0.07463525705988769
0,0.07299333886672871,0,0.0368664111904319
0,0.1758675804520441,0,0.052639087650685125
0,0.13290932703858904,0,0.04408087122723436
0,0.1370581697737634,0,0.26952004328202106
1,0.8101459596017533,1,0.6365844117821461
0,0.056556211951117014,0,0.026792650172215215
0,0.20116460728141283,0,0.13167112775097328
0,0.12020147943483889,0,0.11824207279354212
0,0.0451822802604846,0,0.03900892212565103
0,0.11182806440434502,0,0.033024618258776714
0,0.011690470756290738,0,0.03979148933387756
0,0.13024499061003286,0,0.08829275139430628
0,0.3566135442157959,0,0.1497772440756763
0,0.0701945526492139,0,0.05647961206705644
0,0.15996899534709422,0,0.16031777242359818
0,0.05072318865903435,0,0.02587112306016946
0,0.15599893630471742,0,0.11507241310130832
1,0.6496504897377169,0,0.23425943667376067
0,0.06016765207684446,0,0.07574962197145095
0,0.3051172245521806,0,0.43851214651201503
0,0.3052171668631909,0,0.18412674048296335
0,0.3957736101831053,1,0.6154261881412492
0,0.23076734239730845,0,0.17635027695215658
0,0.05007379760713483,0,0.047774947865135024
0,0.04201022336675803,0,0.08720193969330946
0,0.11948481949961676,0,0.11865842507028262
1,0.7812715019013344,1,0.5857992612628151
0,0.34793533209217625,0,0.24621734836916687
0,0.18378468435219672,0,0.10781482451995225
0,0.042807985972742074,0,0.11985149569613339
0,0.1623512953354643,0,0.2454153705423791
0,0.1740248595333579,0,0.0978304619369078
0,0.23844770392389183,0,0.27308864966642576
0,0.029131596587483127,0,0.020835588996453644
0,0.06327238453753396,0,0.0514417493726442
0,0.36405352387425455,0,0.24288112341835444
0,0.17020939606270527,0,0.17144657262298554
0,0.06454966114043763,0,0.028226293252820774
0,0.22407001816655908,0,0.2244907281479592
0,0.2872777455408228,0,0.2838631106783097
0,0.03502066275529095,0,0.01737058210877843
0,0.10049136969102365,0,0.12316608793881174
0,0.13109305202299482,0,0.12402084103507954
1,0.6921533640257823,1,0.704968477437204
0,0.1597390950135734,0,0.08553712789299123
0,0.06829156544234712,0,0.03845386243340794
0,0.06888447132220445,0,0.09792299282452338
0,0.3517762387083303,0,0.1713893184702463
0,0.2686805169710497,0,0.17897572291701647
0,0.11156791381478158,1,0.7761854661379783
0,0.07525895736898947,0,0.07126743682177178
0,0.403670695560958,0,0.3207522628689595
0,0.3554800579212504,1,0.7605031485290461
0,0.13032385403173977,0,0.2670006299453114
1,0.5396858552418943,0,0.49167789517673915
0,0.22958265213813153,0,0.12554697737750606
0,0.07782837144797651,0,0.054158857560188
0,0.08690096902695175,0,0.11683895153863202
0,0.11912394871459883,0,0.10867176100069491
0,0.08096688755769424,0,0.0744958899049759
0,0.4734339821623303,1,0.6181105162212306
0,0.11503718568935221,0,0.10323141170874958
0,0.2050129196486654,0,0.12914948789385097
0,0.14046966282544754,0,0.050697739704139134
0,0.03178403656173728,0,0.016167624991534135
0,0.10890405116503808,0,0.15354044593820695
1,0.5917190662484421,1,0.8383141035511188
0,0.3173735634167119,0,0.13634976574500232
0,0.27210463981598,0,0.12387330363433885
1,0.5406517881913483,0,0.45622220646280387
1,0.6721029131587996,1,0.7684291049629083
0,0.07360950225824046,0,0.0715366105261135
0,0.08211779301722119,0,0.06028707037262199
0,0.26825648377972466,0,0.09940244258452129
0,0.08265809931520803,0,0.1017587588393447
0,0.21896291076455748,0,0.11093837738965552
0,0.11594068432081027,0,0.09923908514607625
0,0.08044086141509531,0,0.16110345830629696
0,0.13497477822666606,0,0.11191558190533196
0,0.12907236598615146,0,0.034548586717458016
0,0.06943074689610378,0,0.04649045130662162
0,0.06952007327644061,0,0.05618940249626954
0,0.45860477293814117,0,0.40602223482968186
0,0.37362402720519755,0,0.19671199550146676
0,0.16897152898834297,0,0.1164528710022811
0,0.35275158951808117,0,0.3329207325569437
0,0.2661979906137753,0,0.11391152445491302
0,0.16309719719914473,0,0.13118509291483726
0,0.173000180608878,0,0.24955476013079692
0,0.23050406303917578,0,0.312056638823166
0,0.029011655331368603,0,0.016096740902712996
1,0.634123382385901,1,0.842657917489146
0,0.05523127043623931,1,0.7327952763403242
0,0.046746674532958665,0,0.07662446252782659
0,0.06006444044167446,0,0.07782731440019325
0,0.11049396033052859,0,0.15087705162171064
0,0.043097134203862617,0,0.044137293448894305
0,0.05315661722725823,0,0.1294989908430424
0,0.032628989012198385,0,0.030520556856878947
0,0.07469383261280421,0,0.027618420355499832
0,0.42978979275861834,1,0.5781329996747279
0,0.15552947511800394,0,0.2541329128745592
0,0.04231062142262405,0,0.021829040078966595
0,0.043135339882257005,0,0.05123461114024379
0,0.2124139087974089,0,0.23664468443960632
0,0.058146906713437745,0,0.027161184486918007
0,0.2871021327989532,0,0.3839243345878959
0,0.20870258232976654,0,0.09823947043412529
0,0.042991808890627,0,0.044139990855267486
0,0.2580951453807373,0,0.16452413806275326
0,0.031562024041336935,0,0.10313128777801463
0,0.36113132474252296,1,0.5756044387882033
0,0.05136345446154798,0,0.08108945011705825
0,0.07889858621813498,0,0.06474419137746651
0,0.1978290530884135,0,0.1101214238381134
0,0.15859815542100164,0,0.14437402130995516
0,0.13945971672033808,0,0.03526608633115874
0,0.2549485203891311,1,0.5203770420671211
0,0.03169139171490219,0,0.0490292980880406
0,0.2499255153748845,0,0.118823052349318
0,0.33835679890111103,0,0.31671105155344076
1,0.7403708939099906,1,0.7299330525497715
0,0.11944170954967617,0,0.04082502680897518
0,0.028474750490615687,0,0.04719453851991075
0,0.08451477580653476,0,0.16615248640734792
0,0.48704738705941747,1,0.7111912278495529
0,0.14678487356932304,0,0.12836647296337791
0,0.24161215362955907,0,0.429412129842963
0,0.07802197792350887,0,0.099777269987383
0,0.13733108150039666,0,0.07730339899807179
0,0.12608001335581354,0,0.20254588281049635
0,0.17758168385223608,0,0.10592519977931446
0,0.07847287632614866,0,0.08861910674311808
0,0.10550205963705088,0,0.05460944653019448
0,0.07832692270722343,0,0.09479254669044035
0,0.28629991376570707,0,0.3321965830759082
0,0.07669943704374552,0,0.039760705141200336
0,0.3245182288083823,1,0.5454617587061802
0,0.09588185869777474,0,0.06730163541687527
0,0.16770110136755562,0,0.04813247915100081
0,0.13478749291017153,0,0.15209317623898794
0,0.20826348874794737,0,0.04585837555155777
0,0.13970610964912816,0,0.07901961347507928
0,0.16566263339040985,0,0.44264364701065956
0,0.17318353348456664,0,0.11133903565034259
0,0.026054534232091198,0,0.02284402187876764
0,0.07193030017289286,0,0.09773010711346973
0,0.15378820000163715,0,0.27933381428089477
0,0.1344919540885943,0,0.23093106958926193
0,0.27982538752973335,0,0.16305283047325692
0,0.4824193766660195,1,0.5577947677623231
0,0.1134952439389898,0,0.03464057949775893
0,0.1527997455164291,0,0.03770824359476133
0,0.10176798322561487,0,0.20513126254729439
0,0.18295124940999039,0,0.12390467398864283
0,0.2529598228011747,0,0.07368411891281357
0,0.14267563054927837,0,0.1444593130886557
0,0.2736359769412267,0,0.2550375393035336
0,0.2228670335899648,0,0.08159892884069193
0,0.19069788297599907,0,0.11044789992783391
0,0.3134584689361299,0,0.15496497367804174
0,0.06676256881511516,0,0.06165745941436836
0,0.04147288322260183,0,0.02836329334178846
0,0.37331770773047784,0,0.22983621315299857
0,0.17195290805997485,0,0.11544995694606339
1,0.526938650079659,1,0.5265283473138765
0,0.07323705906900409,0,0.054840037251406695
0,0.18565147427650538,0,0.20727749911343485
0,0.11200353138182534,0,0.10225479730169548
0,0.12443942822942738,0,0.1918107341806708
0,0.19488057366035846,0,0.2364664751674458
0,0.2836359614673368,0,0.06316009952635518
0,0.2280341115181018,0,0.11416523010889491
0,0.29558638263081505,0,0.3442123649784664
0,0.07973876001004389,0,0.0825900166824226
0,0.1825605044303013,0,0.23778679387993815
0,0.3889503733556901,0,0.18824246740469394
0,0.24521081452537816,0,0.2841996958444618
0,0.23510453010597862,0,0.2992302151780596
0,0.34849054440561433,1,0.584030368021611
0,0.3083993958243223,0,0.12298884670073061
0,0.10871511743934682,0,0.09514599069610778
0,0.3221145535024807,0,0.47095441880769123
0,0.06102118776096539,0,0.03300531341088524
0,0.1279164369025975,0,0.07931034748495408
0,0.32073283439072614,0,0.2650016981882332
0,0.12147944952325686,0,0.09032049053305345
0,0.21054146852813962,0,0.3070662759573075
0,0.34386082499321,0,0.10099485762646683
0,0.1720392336527616,0,0.041019377688230614
0,0.05282646395090003,0,0.03175676465566491
0,0.040908492030845414,0,0.030397000044910204
0,0.035672202702391013,0,0.12279339044255469
0,0.30830886298894117,1,0.5551038638323931
0,0.12246415418221834,0,0.04900052230163153
0,0.29157665507773606,0,0.1878833457972947
0,0.07511357446016659,0,0.03103407907198303
0,0.030538362818306523,0,0.02065613144174968
0,0.28271404450698784,1,0.7691432966913798
0,0.12066632122309327,0,0.2402442061020861
0,0.03966770458681992,0,0.02456125132257879
0,0.02565794067813469,0,0.05582930386570689
0,0.11989771601121686,0,0.03837941741080511
0,0.2080496438361223,0,0.33353570665683613
0,0.09287510791120007,1,0.786675072674647
0,0.16102464553674942,0,0.2582183811346115
0,0.07498582757676836,0,0.0768903660480449
0,0.06960849631700557,1,0.5093496124836241
1,0.7274118321184718,1,0.9518705654360358
0,0.1845019666202935,0,0.27075160372444435
0,0.24438360314559576,0,0.3177282229784955
0,0.120480604866422,0,0.041468217644749644
0,0.06781342518115106,0,0.02896619282531094
0,0.038766747698042385,0,0.05156892689117939
0,0.16793015015673474,0,0.10710362220982116
0,0.1771262838936351,0,0.049865077492785126
0,0.41926360486740344,0,0.3181812055488457
0,0.4438722914969759,1,0.7250364397899439
0,0.3134008003313937,0,0.2771771763208465
0,0.14974115678410677,0,0.27656304422626166
0,0.19481287368835942,0,0.1306727821087176
0,0.06180312634106236,0,0.05981320882743522
0,0.1121131698625203,0,0.09080819964432281
0,0.060790017518174345,0,0.0519941424655518
1,0.5059860770382255,0,0.2066214013538532
0,0.0478249150968985,0,0.02733992881659493
0,0.2158696284880589,0,0.06903015920292263
0,0.1267982803915591,0,0.11916104826995882
0,0.306114867537443,0,0.13750115471199184
0,0.15194203452290628,0,0.051664930025286486
0,0.45005896566136755,1,0.7082253793105696
0,0.06846506961904018,0,0.08697031566384082
0,0.17697430749691806,0,0.0921504884699009
0,0.2706534043669729,0,0.1604475546155475
0,0.0162076270657921,0,0.01616955303653951
0,0.1664973461377328,0,0.046315605618675634
1,0.5886763719972881,1,0.6950364423714797
0,0.02282021240347822,0,0.022304904978881376
0,0.3310106683165104,0,0.46927732490563095
0,0.18559386554916057,0,0.23708404949262413
0,0.08317932808649897,0,0.10264445614106167
0,0.04066041670694296,0,0.0686571410559088
0,0.12080300507687079,0,0.09098580293930501
0,0.1994070521227903,0,0.19911547038098162
0,0.11601838247524873,0,0.16518356363840225
0,0.04574430714227496,0,0.023531906475951315
0,0.06999046817615716,0,0.12758939927805465
0,0.09120721928621697,0,0.08295355219718038
0,0.06074223413211812,0,0.12613518287707617
0,0.05003590992450496,0,0.029786853845309137
0,0.1598106322160909,0,0.12444587072655461
0,0.2393442146937258,1,0.5238627649510655
0,0.05806042337910617,0,0.02850854332549026
0,0.055086234914419045,0,0.04544614377367366
1,0.589780847172745,0,0.21175205990100654
0,0.2320728576548128,0,0.11387136300721763
0,0.025540141540823933,0,0.021084098565307463
0,0.025700075928865824,0,0.11594198517444315
0,0.22532112118975411,0,0.3421366178372491
0,0.228846135156939,0,0.11053079086908507
0,0.07355694869582541,0,0.03958299529511396
0,0.1905901242059914,0,0.25164198312368546
0,0.12736526444689822,0,0.0861222084093492
0,0.4767662551447816,1,0.5793140744305955
0,0.17257026906620535,0,0.05268695740281552
0,0.40502260605135726,1,0.854035456711124
1,0.5271957811924757,0,0.48123821504585895
0,0.2795885469414718,0,0.1524561605754601
0,0.12045191634025297,0,0.08314443090003264
1,0.5395963405472655,0,0.1251314285929081
0,0.16641199057853154,0,0.12900268803232814
0,0.2928585602591377,0,0.36531988754878086
0,0.4012383611032555,1,0.7373259728741581
0,0.05001259028411384,0,0.01947862571229227
0,0.16789232243793878,0,0.14890449567496444
0,0.28897020195244794,1,0.9109811093166528
0,0.33049395096069195,0,0.2933617256881585
0,0.23264571758905048,0,0.15855908701620017
0,0.3137665907617177,0,0.2743138957970686
0,0.21171237520317995,0,0.3444657778699877
0,0.20888778565347113,0,0.29690593449253105
0,0.2230302520573398,0,0.13255204393224196
0,0.08713609583508333,0,0.10403909637749459
0,0.048067268303474193,0,0.03168568742363089
0,0.06639550040041935,0,0.04270446760824328
0,0.3567744327362758,0,0.3629885411326329
0,0.2565069060414246,0,0.3000507482465403
0,0.3721014354845483,1,0.505356842218015
0,0.34249117770726795,0,0.08515410015173516
0,0.03361912775115942,0,0.04214157895453949
0,0.28443599255714236,0,0.15408213513000726
0,0.3547053300375144,0,0.22609767655859658
0,0.1559214143310215,1,0.513049082814989
0,0.4938964005192021,0,0.2623141983176722
1,0.7341441772361516,1,0.7948527492327778
0,0.1941170608641449,0,0.14031842843553735
0,0.1753309476341835,0,0.04880774169048487
0,0.06291084624716371,0,0.13811629378713783
0,0.05220748210578082,0,0.06692079336166697
0,0.20270480464373766,0,0.20209684921201837
0,0.10514776132170879,0,0.19318689262384237
0,0.19680504027703233,0,0.1800821681241091
0,0.12325242572771115,0,0.043118630002271105
0,0.4853185602025515,1,0.5031712766278077
0,0.1338061325599095,0,0.10915615659321594
0,0.10829848333974072,0,0.03415853163966561
0,0.3545383063914165,0,0.20864475806009125
0,0.09322817757518616,0,0.1944952087561037
0,0.3330398694433323,0,0.23329989451669697
0,0.21620814531350496,0,0.0674386479209197
0,0.220720640750604,0,0.12452217697372196
1,0.5264525421810516,0,0.23438264498157138
0,0.18726371345257478,0,0.07471032142879654
0,0.2495921744864693,0,0.10834413370874862
0,0.0837090651518961,0,0.09441135239673257
0,0.26633974276038214,0,0.3079843638637108
0,0.08518567826232876,0,0.06619017505688934
0,0.3167362129264652,0,0.26717006012061423
0,0.1165120398158004,0,0.3355939790690933
0,0.0835120974289505,0,0.024705522422831184
0,0.07680497743808257,0,0.20251769344555345
0,0.08545733369293947,0,0.06952150013856973
0,0.37359764635367104,1,0.8709983981967678
0,0.10710546216983305,0,0.13479222156287185
0,0.1264613542768579,0,0.07378821489257087
1,0.6035439606592162,0,0.24637613794615812
0,0.3762481321496043,0,0.36275757717548296
0,0.04228950553245986,0,0.05947066018907548
0,0.04227252221418813,0,0.1161850921753548
0,0.2079916425601142,0,0.08594239080515989
0,0.09502768163779206,0,0.10840325889873778
0,0.2418423614625543,0,0.24567936326780085
0,0.1583986226611992,0,0.11358302064822076
0,0.223374008538294,0,0.11269964443372121
0,0.21402198984095755,0,0.1610111392954829
0,0.05513062828946317,0,0.034347741732246584
0,0.21609816547594246,0,0.2066203989743266
0,0.49384449451762547,0,0.3047327332755286
0,0.29676180759835896,0,0.23333285055009945
0,0.13476041055531954,0,0.1022778035241433
0,0.2558863076633046,1,0.8122117704082977
0,0.05915802439996816,0,0.051974328224028594
0,0.2892239955451495,0,0.10607698243022355
0,0.15455253340091926,0,0.1894390889961566
0,0.04115551269024378,0,0.02007676413238786
0,0.046097759415025884,0,0.027279523033241465
0,0.1750093381474298,0,0.09732657256821559
0,0.03592917595103303,0,0.13592541989389992
0,0.19465898988468486,0,0.07943797114508394
0,0.060156737399183036,0,0.16210546211447202
0,0.21258187309056786,0,0.17462115713994916
0,0.2264980880987874,0,0.3721344758135242
0,0.07887318817333343,0,0.27095000531296864
0,0.07364547333411021,0,0.07705768965523807
0,0.09006778483329696,0,0.07953583576516597
0,0.1064619621670509,0,0.13885957135071342
0,0.2714734282973211,0,0.10113599150604885
1,0.5947997488925213,1,0.9440722512179142
0,0.09670332574263923,0,0.02935337278488148
0,0.046897937138409215,0,0.05783246638671146
0,0.2411750788132402,0,0.4676438703370425
0,0.25721400834061314,0,0.12234097070527536
0,0.2409271887469145,0,0.3752088369053691
0,0.10448046899624497,0,0.11544801614012062
0,0.15759849550234814,0,0.1915273389114355
0,0.03253865418088581,0,0.08866181552891986
0,0.21554901226009687,0,0.22550924017340385
0,0.18381993378715564,0,0.05121256886080843
0,0.18156823716966738,0,0.045716468684691744
0,0.26948637204408415,0,0.23502731028773868
0,0.2398418455508087,0,0.11217668740517556
0,0.11157879923523534,0,0.0993758482076354
0,0.4134351051254061,0,0.15364911006851542
1,0.5074732876598544,0,0.4854153183141621
0,0.0716155180486143,0,0.03765315585527599
0,0.22809061230363628,0,0.25067864407678114
1,0.5626445996040387,1,0.7773459917694029
0,0.2001707937627908,0,0.0589531799342797
0,0.08841051588866401,0,0.09870427486253792
0,0.21272929368234725,0,0.13654159052642229
0,0.11551905027837031,0,0.11377220709811751
0,0.4508435469221971,1,0.8215555234586296
0,0.09666773000346923,0,0.11376380483524776
0,0.304626590119061,0,0.08884619277093753
0,0.20137423148623146,0,0.35212152138337155
0,0.1899181192466501,0,0.04408869513655957
0,0.03323619995372133,0,0.06102369427186567
0,0.03989057326022844,0,0.03318592682365415
0,0.03628143102411648,0,0.03560007970975323
0,0.27799260301645257,0,0.143633972480933
0,0.17507838216134627,0,0.11025964318824974
0,0.45881197028861026,0,0.46531540242719543
0,0.42098791123201756,0,0.4935063710761567
0,0.13170787103059556,0,0.27769810987934984
0,0.27438535358024174,0,0.2830814586326113
0,0.054442300881467065,0,0.04760924788326326
0,0.10944678400264016,0,0.11090610811923264
0,0.026392936380996917,0,0.05859978450433557
0,0.10032915266031527,0,0.1035626587755908
0,0.07086965924248477,0,0.18472417325240886
0,0.21503918198805785,0,0.08493011127601967
0,0.3227397995383493,1,0.785612295009885
0,0.28841614145276456,0,0.37786672937089216
0,0.17215181363020685,0,0.11430203950189251
0,0.08596164275108402,0,0.09660486753043607
0,0.46181465224749363,1,0.8689012244118328
0,0.34599648706694164,0,0.04124606569569464
0,0.47855323885334455,1,0.6021346602091824
0,0.06539599588457941,0,0.07242227428059647
0,0.39698682111149586,0,0.46445984797115986
0,0.12349947392449077,0,0.15909815586688436
0,0.3413135824191906,1,0.5010086689247385
0,0.11771032026084056,0,0.09647307853759736
0,0.4056601201053754,1,0.562844056985786
0,0.20406197257921588,0,0.14172202046691307
0,0.2698227494074771,0,0.15268547713578628
0,0.10193847715368613,0,0.08263236492518405
0,0.1828106096408777,0,0.08785543424636137
0,0.07381193129661287,0,0.059053788965292606
0,0.07440530792340548,0,0.03997278351704647
0,0.02631298125916731,0,0.029820707335339338
0,0.13930924244165033,0,0.09691740974863759
0,0.15541987979496613,0,0.2951683354216751
0,0.39276506892445817,0,0.3968907986287531
0,0.2109908783675022,0,0.32036629589379023
0,0.23909268195329478,0,0.21152576985119828
0,0.09162732924909071,0,0.09775553919151977
0,0.07334428477936634,0,0.08905751618122143
0,0.02585694093473122,0,0.0485528511242505
0,0.08895729127843008,0,0.07171199975998721
0,0.08755550860257513,0,0.1560990678569001
0,0.14588833318076191,0,0.1925047352185485
0,0.09257676509589836,1,0.6981258529815733
0,0.04601576261091826,0,0.04261224164124206
0,0.15686639895061427,0,0.20188503989377593
0,0.26101429092476786,0,0.11645345293789072
0,0.32228341757703294,0,0.4791277415486361
0,0.2753857530570754,0,0.2611246320441795
1,0.6864301780425746,0,0.05809193535606147
0,0.29883901540608043,0,0.42867445769098145
0,0.310856434960293,0,0.17674947438233254
0,0.30287265521753326,0,0.4642348919566818
0,0.032572950420663785,0,0.02416178150620515
0,0.2233201127818114,1,0.5415178223910844
0,0.18214326308401887,0,0.20266026433154738
0,0.12549974748740392,0,0.09851987855439434
0,0.4976610271000938,1,0.6582433637871971
0,0.2811779252137513,0,0.4388932192028945
0,0.12704377755102958,0,0.04534373314947965
1,0.5349565649268447,0,0.12453973292888207
0,0.17694639216697394,0,0.045508571401520405
0,0.08627281699154461,0,0.08759866281747447
0,0.15974607562266657,0,0.21527859972945135
0,0.04299210056580368,0,0.09551780309158411
0,0.08833944905676329,0,0.10784345728109722
0,0.47437371068783246,1,0.907112671520858
1,0.5290828395360038,0,0.192024469393034
0,0.289316047440922,0,0.33935864113521247
0,0.1658206322459532,0,0.24713906641902628
0,0.45135671262462945,0,0.2884778007242626
0,0.0978729576199953,0,0.05923891488230196
0,0.1788279808609693,0,0.148125686329802
0,0.10913151941460617,0,0.2017537276106783
1,0.6560595061879819,1,0.8364333334453791
0,0.3085479414814625,0,0.22539681352181526
0,0.16746794918867647,0,0.07929409715904553
0,0.10714655831042043,0,0.05848248308087046
0,0.037467293005356374,0,0.051709000417449004
0,0.15011302534602736,0,0.18763079279314854
0,0.05144043789098281,0,0.07877715801273812
0,0.31193149352772825,0,0.09022028976074696
0,0.15134140083028533,0,0.1161942679924478
0,0.42092461043078905,0,0.31727305088321867
0,0.3608420495502306,1,0.8476881503927222
0,0.05616337320400013,0,0.056688341901581944
0,0.19257017319171266,0,0.2718834172254885
0,0.23416993378420004,0,0.2500886002743172
0,0.16410799732515746,0,0.17947505131931443
0,0.01780636504384732,0,0.05261120541666285
0,0.04658070228539041,0,0.09370853505955201
0,0.14771127285062854,0,0.24426906842546345
0,0.07945338795694555,0,0.06552602423130961
0,0.06352639713908287,0,0.03336052322497203
0,0.07226374366246181,0,0.0734391494469252
0,0.03248543490634366,0,0.022088665160137452
0,0.19052880978964687,0,0.31016409694058633
0,0.4875258049694472,0,0.4746939907379722
0,0.20843478046596564,0,0.08360925561598483
0,0.2637516629146851,0,0.12340314269768465
0,0.05430642122428607,0,0.13522292468521024
0,0.26544833720732325,0,0.35264255659453236
0,0.06822520479699508,0,0.045435162559421746
0,0.3029328035187893,1,0.6166777774100843
0,0.09702209537740096,0,0.08707511056393274
0,0.04085420775888948,0,0.028293059711285023
0,0.23157504666332587,0,0.1545964737671192
0,0.2095355624103875,0,0.11558398705308594
0,0.041802519259077575,0,0.04525409550520121
0,0.040037050409627774,0,0.06499076621750631
0,0.2197045002568695,0,0.1595290051880436
0,0.10390419442051473,0,0.10346280019228121
0,0.39058100119469014,0,0.35109977690070143
0,0.07483317522746455,0,0.09022236112414936
0,0.08444290250165681,0,0.0969929366239417
0,0.12461609260062802,0,0.18965647098038463
0,0.17908036246965509,0,0.23589651082494417
0,0.08435187368605686,0,0.4024033449296736
0,0.4313367848222965,0,0.15602588696642639
0,0.10942489130057696,0,0.08180350708147037
0,0.26055431900944587,0,0.09125420491283345
0,0.06101517052652969,0,0.17633457122633409
0,0.1572743425488435,0,0.07139083016951435
0,0.35702951200635474,0,0.2707491181521163
0,0.14371098712390676,0,0.13649711877019327
0,0.044645802281926314,0,0.02953133845191396
0,0.14649107581084336,0,0.1259689269406736
0,0.4939271289119839,0,0.18531062511510307
0,0.24389044644822344,0,0.12445055660178181
0,0.06783737956566045,0,0.04764205633138904
0,0.383690892880784,1,0.639890483164893
0,0.08409297951440323,0,0.09027441886888526
1,0.5699474552598052,1,0.6926379466126817
0,0.04951546494969803,0,0.01652275911274297
0,0.4336595283962926,0,0.4647700454396715
0,0.07665753216366489,0,0.09971791388702997
0,0.0506579617870618,0,0.0594437944091133
0,0.03580560088653647,0,0.02298059630233591
0,0.09902237309995283,0,0.03463614187200297
0,0.06706926015302031,0,0.24329354831863303
1,0.6028816706415798,0,0.46147429833245107
0,0.4116614028388612,1,0.6031901775549501
1,0.6403976376133979,0,0.48540223837032587
0,0.21887385244464583,0,0.385309796153713
0,0.1344253256763901,0,0.13995117922980474
0,0.4622224927825056,1,0.8792350990035961
0,0.07023714794670168,0,0.06007113286460731
0,0.3009021008378304,1,0.5853295874749809
1,0.5217632635998604,0,0.3819069340846701
0,0.1728786678095857,0,0.10122249832735715
0,0.3630279336824267,0,0.1842185490284992
0,0.3225361766596555,0,0.27717888680214
0,0.08685396331812609,0,0.028408825434619443
0,0.05497075356725069,0,0.1433359804291972
0,0.022435492576185313,0,0.03886823137192139
0,0.04585084245590518,0,0.022800351292958796
0,0.11994560307081317,0,0.2296011807125891
0,0.05303869993874137,0,0.05962719796828119
0,0.155191247378389,0,0.07255848775342498
0,0.25015325245771075,0,0.27640372819463577
0,0.054079888598613186,0,0.09604010776471855
0,0.25177256055707464,0,0.2746892340376212
0,0.17953686465331753,0,0.2788727953030056
0,0.0711176506242849,0,0.08594656084927654
1,0.601000183812473,1,0.765540589613267
0,0.03628920855403973,0,0.05324252704415937
0,0.1922438590497275,0,0.048881825267941735
0,0.20400547236738947,0,0.05760127065211609
0,0.1866368010121884,0,0.23609710820673085
0,0.051480683481149994,0,0.05143998060512908
0,0.13670590600335106,0,0.09439613809250418
1,0.5926189770415092,1,0.9265202279030548
0,0.11489194150017848,0,0.10100060063183589
0,0.4791378182451459,1,0.7741328019041562
0,0.10690302076647926,0,0.24437827850950228
0,0.24819204347366985,0,0.42012221325595517
0,0.059520343530903644,0,0.029662274103593057
0,0.28187161262812793,0,0.18567158714543897
0,0.2853697643761345,0,0.14902190575136437
0,0.19265213462464992,0,0.48736383692285956
0,0.10589580967997132,0,0.02732550899298322
0,0.06521950632239713,0,0.12844555295916676
0,0.25475970463644826,0,0.2188616883009123
0,0.07919757509816734,0,0.03705166057935083
0,0.4823322920816614,0,0.10346470369945245
0,0.06931570619005549,0,0.06285414133395034
0,0.07057784820782294,0,0.09936980291546561
0,0.13302294516068863,0,0.06781675418143282
0,0.1370820553806699,0,0.03286797330966003
0,0.08298990394826551,0,0.02886531346514916
0,0.3548833746429713,0,0.24201256257843323
0,0.045652190943714525,0,0.04012308647952672
0,0.14541316712747582,0,0.11049074658780211
1,0.5186846113204154,0,0.17120452058131894
0,0.13430106750317583,0,0.1613108200548941
1,0.569241045995381,0,0.2608982735313789
0,0.14675952367291728,0,0.10585667794629923
0,0.08754783664690914,0,0.02600559239844952
0,0.2456257836879753,1,0.5150674833010178
0,0.13402368969065834,0,0.042972907970805385
0,0.15431915181139033,0,0.03939246064041923
0,0.15505376108564953,0,0.13143706606691444
0,0.3255411818178008,0,0.17351783864520884
0,0.08985048979290625,0,0.11596578063410139
0,0.031985995925532064,0,0.05244277472935898
0,0.022554954839547548,0,0.01743017796596212
0,0.26132216056662194,0,0.3646280224758714
0,0.04190645659494544,0,0.02786942838738869
0,0.24666604807855208,0,0.3686321928274846
0,0.044523494918197966,0,0.11311632698981178
0,0.14548738415988885,0,0.04054451442902354
0,0.1411653787095951,0,0.24794976495317816
0,0.09044067792284605,0,0.08099107840437084
0,0.17852211085192016,0,0.04780080665230302
0,0.1746371289909714,0,0.09635553852578899
0,0.07106309213996988,0,0.15221777026314975
0,0.05346557462858419,0,0.02706717861721155
1,0.5792948840058059,0,0.48733066788063206
0,0.0906928110471669,0,0.04829692266585091
0,0.3767724100768663,0,0.3747306248391076
0,0.18744826166795697,0,0.3013452939844875
0,0.2846889291556467,0,0.1648455432094212
0,0.05829038190375341,0,0.0472811974857582
0,0.31913260734130716,0,0.21364821092564867
0,0.26359144204592727,0,0.2435821902849418
0,0.1668178627452256,0,0.2877573727408919
0,0.23766154009755092,0,0.2837822147149678
0,0.41247558460484424,1,0.5455082365812658
0,0.4366656714981563,0,0.39635566097269703
0,0.23818779840174356,1,0.5370569316218203
0,0.1297186283411,0,0.3461115580451638
0,0.06834334058005563,0,0.04790509072556236
0,0.3704087672511018,1,0.590362573822025
0,0.32371181829664986,0,0.29145186522678196
0,0.043059127533977386,0,0.019112849199249417
0,0.47014152275383636,0,0.4034260350144234
0,0.15960774590873,0,0.10551643443144605
0,0.07893666956317776,0,0.11278660514565499
1,0.591613210296595,0,0.2999383101339514
0,0.10943382100252673,0,0.19461455919678375
0,0.0545157479765067,0,0.037512964527814524
0,0.0778568864422615,0,0.0740352155417865
0,0.34942985947995936,0,0.06810850418976858
0,0.2473428345115811,0,0.12855418209775443
0,0.027389660769459177,0,0.016390090771525756
0,0.07126869511196393,0,0.08150152777136162
0,0.15713085141864805,0,0.08892715456344255
0,0.2716449334041896,0,0.19662735701351017
0,0.23948838343109144,0,0.2360585676603137
0,0.07182500119755987,0,0.06441961669370103
0,0.21853600797234315,0,0.3329766985631057
0,0.16089218993464866,0,0.09714519471600198
0,0.2499006268374951,1,0.573133512418602
0,0.06572247403772417,0,0.12889172476811767
0,0.1956076190400609,0,0.05138465742482362
0,0.18960788289668495,0,0.2569328313861661
0,0.24742932491565184,0,0.3063521194648212
0,0.12395785838118585,1,0.7946781309642046
0,0.15531969082069783,0,0.20203631992613136
0,0.3075717664392498,0,0.39422376960025196
0,0.1466716390253815,0,0.38959129897937006
0,0.2888991086532167,0,0.4033593478163586
0,0.15458893531430024,0,0.043796876405883964
0,0.04860582725852135,0,0.024351520062375894
1,0.5901741272038643,0,0.4185927158621072
0,0.04394713927441827,0,0.032760279301059285
0,0.12721839566595033,0,0.21297714385955785
1,0.5149562036738955,1,0.7553378123861632
0,0.2924392229875648,0,0.32613596631182007
0,0.036186071239591465,0,0.028863475726720118
0,0.2767523820969228,0,0.1904581702296005
0,0.13072626084591554,0,0.10967184066685984
0,0.27136833293869256,0,0.18608501578467
0,0.43196485886905683,0,0.25800155094966737
0,0.46156827294230934,1,0.5103831211056028
0,0.09094048751715932,0,0.055608113077552736
0,0.3137597232050073,0,0.16371073078778156
0,0.17333024962206722,0,0.22295905544167977
0,0.2647687258998489,0,0.3286106604547295
0,0.061675823083616854,0,0.11227271547972796
0,0.11176361965406872,0,0.09696394540850331
0,0.11169606445062213,0,0.20433599358740687
0,0.14665223805097816,0,0.15954474619115355
0,0.31928955957405775,0,0.42615907309429907
1,0.6320225544276341,1,0.6389733246567685
0,0.036848975897212984,0,0.048861002379308766
0,0.055121683659474854,0,0.0175606333282912
0,0.43540875580509253,0,0.11870243587625406
0,0.0771691984855505,0,0.038161049887942694
0,0.23998813335017533,0,0.2776368447692674
1,0.6056973425818466,0,0.058548499885716636
0,0.15280007157741024,0,0.09459438045717217
0,0.3159247010182785,0,0.1918574622246535
0,0.3502194677104213,0,0.23027379972193635
0,0.09775715355654015,0,0.19873871025704878
0,0.1850250132188825,0,0.1251017124944785
0,0.2786855412723937,0,0.031161490045399615
1,0.520074358976694,1,0.8080920109639527
0,0.06588235734164538,0,0.05910254396134744
1,0.6624175187179551,1,0.8178938418167945
0,0.18059897240280948,0,0.11268522714948269
0,0.1007464347247162,0,0.15606676800706537
0,0.1438969437811043,0,0.14717380076200273
0,0.0718781299177915,0,0.03534202578235454
0,0.23715045949100858,0,0.1457596541615591
0,0.042838691078327926,0,0.03357606961196705
0,0.38850224079076295,0,0.18246975908002866
0,0.1657683887040327,0,0.2551347705223879
0,0.12717455937683167,0,0.13674428952163034
0,0.12905927933617334,0,0.09601634481109235
0,0.17040207656511344,0,0.20762372640239313
0,0.027032471727404785,0,0.09068743759709545
0,0.12434145233330972,0,0.0440506384243363
0,0.09470195748754752,0,0.044247355076044936
0,0.03622956851650555,0,0.035026511696275506
0,0.13191596493394694,0,0.056730873299487915
0,0.02895999827215971,0,0.03742240682130525
0,0.09165345137546384,0,0.02619259441808094
0,0.40437048467248415,0,0.27143047490689026
0,0.09651034354459086,0,0.06485802382759977
0,0.32453480138990476,0,0.38780842580422764
0,0.1664017228068092,0,0.18908181188103373
0,0.06967037835687492,0,0.07291674894264163
0,0.49037491259989296,1,0.675431896717993
0,0.1052518754781993,0,0.07488867586416662
0,0.023193339771373334,0,0.10406504906359094
0,0.11672156493649219,0,0.10525964180304338
0,0.12563699998836347,0,0.12390232683706259
0,0.18008621196484673,0,0.057422204210793096
0,0.21918825360392052,0,0.3364116543815262
0,0.3252563959094682,0,0.202819873634496
0,0.1122523574408914,0,0.11347052795395694
0,0.2240207114682041,0,0.33884440352875184
0,0.37745880830750245,0,0.3582708054119766
0,0.21582875608652516,0,0.0682393468044781
0,0.34016325185309915,0,0.17836898810086851
0,0.17618201453355575,0,0.0539251219955823
0,0.24627023262886064,1,0.5765739798789761
0,0.026117433163665757,0,0.030918074272232986
0,0.3422286725556791,0,0.42287303650575714
0,0.19641537760405642,0,0.1798586751476312
0,0.28190432093197176,0,0.3638888490635155
0,0.06075634445588111,0,0.04903167741971751
1,0.6555127627593084,1,0.8289854326036508
0,0.10026159028057346,0,0.06688860324035542
0,0.12079484762890223,0,0.18792186604914587
0,0.058807491439683994,0,0.10507003887430731
0,0.2679325366378305,0,0.13396748068287592
0,0.4772667819895093,0,0.16395200417604894
0,0.15347845042016026,0,0.05155291974921405
0,0.13917388174692416,0,0.10793338174800234
0,0.2647835932122587,1,0.5158017941722177
0,0.03147451174204971,0,0.06192724427266225
0,0.1016522391973143,0,0.24288537677966646
0,0.10306718888827067,0,0.05167600696863943
0,0.3035562875308801,1,0.7645008995651515
0,0.28915068429834,1,0.6252445448504514
0,0.2843642131176918,0,0.3824582609739566
0,0.0510730902687518,0,0.04656365176675101
0,0.1518320874075607,0,0.14092569232031057
0,0.12791167989555338,0,0.22942833238700164
1,0.5548379413867738,1,0.695598924373809
0,0.1849029499896068,0,0.14590509471372654
0,0.21847652880544688,0,0.1266154378123982
0,0.37530822610832354,0,0.26970608993188705
0,0.025045033295883447,0,0.4076624809210221
0,0.07682381896158756,0,0.061740413826601684
0,0.18181122279774342,0,0.2581398087024399
0,0.17631700320632457,0,0.14465705734335235
0,0.35009685438102794,1,0.6846187960984301
0,0.14694025249988746,0,0.11640537857766528
1,0.8617428464298647,1,0.8347820392209292
0,0.14672691594089607,0,0.04616749340218314
0,0.4210341107680538,0,0.20754750964821447
0,0.10285307135781276,0,0.096352243394321
0,0.10163902072194289,0,0.069711789602538
0,0.049021019900215596,0,0.022975741047913143
0,0.13476572057172512,0,0.24894414919494334
0,0.20924709047383103,0,0.06485970877708966
0,0.2711094375562637,0,0.32665865857079746
0,0.3746005418887699,1,0.5810084679444327
0,0.0704930525729841,0,0.20924327131740558
0,0.401463209901299,1,0.7196093175065434
0,0.21132074449448118,0,0.20174956676293618
0,0.32620617907204064,0,0.40924966763271575
0,0.1578579058283141,0,0.10730088501861208
0,0.04997166295289769,0,0.05369578463999938
0,0.020592748632318487,0,0.102331136992491
0,0.08337896547055104,0,0.08772287556720199
0,0.13146887277173672,0,0.1199038285617628
0,0.13716390909792017,0,0.04711607756079847
0,0.301184919624904,0,0.45475236292828136
0,0.12778312667944733,0,0.09893694005000303
0,0.2732813590464333,0,0.14897500066150468
1,0.5185570296694885,1,0.7938957089561951
0,0.13532295150613008,0,0.03734268425012681
0,0.32330182275135166,0,0.4019657239108909
0,0.07714677202089024,0,0.030105354471416462
0,0.03119018665113732,0,0.048700420587869546
0,0.2954030120876459,0,0.15013776491682157
0,0.18325248910185318,0,0.1401485738653582
0,0.15336645821774955,0,0.04034328833139377
0,0.25440264523924255,1,0.5488522969511053
0,0.41158748788485744,0,0.4828957601492461
0,0.11446330606099421,0,0.07761709868466751
0,0.06780751238650803,0,0.06214855235306066
0,0.4270664337535998,1,0.5782876738708687
0,0.18793165057573516,1,0.6931527507833509
0,0.3499065366699687,0,0.19507601620199166
0,0.10953620932721696,0,0.06375318191308316
0,0.12451055194026425,0,0.07218310628079967
0,0.0459256269929033,0,0.08195349955901964
0,0.22600417478275225,0,0.07615930338711725
1,0.5505148034874175,1,0.6618087839018152
1,0.5880012225517772,1,0.7606427546512965
0,0.11272627832202542,0,0.10050379948263834
0,0.37840409274576303,0,0.253987803255592
0,0.31611868341344,1,0.7927131488213192
0,0.06483857384682545,0,0.3751544209621331
0,0.20774730960015922,0,0.19759457790200763
0,0.0763643882412858,0,0.055783096653253636
0,0.18176519911383704,0,0.21431179966485242
0,0.25535900201832207,0,0.3589475628216951
0,0.18589402405912,1,0.9028347527828608
0,0.12040124263322803,0,0.03691504801492504
0,0.32065318425650574,0,0.16132741465345618
0,0.05630101277793513,0,0.05505022317660826
0,0.4816390353856383,1,0.5432807172918898
0,0.02820880244930807,0,0.014580395680226971
0,0.22264032650238552,0,0.18152922893740428
0,0.16946936638270305,0,0.118074144810539
0,0.11503764927156808,0,0.13472759409029245
0,0.18412529138303807,0,0.1113515681123792
0,0.1682891451507513,0,0.2769518131242549
0,0.1764227457307191,0,0.32747580861273135
0,0.17163623612382783,0,0.09467663445431981
0,0.09321198445365056,0,0.0906513384807286
0,0.04604524488106362,0,0.027307670333982802
0,0.1286686784405013,0,0.19832584341334755
0,0.12296418576324093,0,0.18077601109684086
0,0.15300677294505333,0,0.04333037159544432
0,0.3040285798565255,0,0.45960884917829875
0,0.07479508978283159,0,0.04915851611959707
0,0.10298047138632496,0,0.16244088457734648
0,0.4361854227999844,0,0.40818854914032704
0,0.1937580133921101,0,0.28284601502493684
0,0.04715240016173855,0,0.021413168762739163
0,0.2368839590764909,0,0.3555285382541979
0,0.10769668521348626,0,0.04114258847206144
0,0.41148472101506395,1,0.5796791128873694
0,0.2316864462816344,0,0.09514838278887193
1,0.6957005689149659,1,0.8162625571596032
0,0.028116869805673163,0,0.01752693588570031
0,0.2167470360304885,0,0.2883544511954702
0,0.15659318907524872,0,0.08986829858033829
0,0.1535244486190552,0,0.2452022205855403
0,0.1653033899606425,0,0.18994497621048814
0,0.06319440291253353,0,0.08364485120815221
0,0.4610289237022004,1,0.7982661876727153
0,0.10482134656053939,0,0.07103309720809842
0,0.16049942913512513,0,0.1602254885048309
0,0.1225361112291626,0,0.23602542284889402
0,0.19088829565772483,0,0.13870692133284918
0,0.12749749751955186,0,0.04679231100101629
1,0.6875368522838002,1,0.60009087636078
0,0.16968893080110697,0,0.22997362168904492
0,0.07369549543233525,0,0.03055563636940837
0,0.3593499314412083,1,0.6195273992245397
0,0.025323783971236736,0,0.015707119215882775
0,0.15989469690473002,0,0.04180139058894934
0,0.3691972838980784,0,0.28176690683852995
0,0.05997305717781322,0,0.05449174931753278
0,0.0838304756772488,0,0.03412751762529913
0,0.15461372801171386,0,0.10925025340857328
0,0.08024951844846095,0,0.18219712044454703
0,0.07300064838040794,0,0.09723322527087025
0,0.050093741534764015,0,0.04987822506895073
0,0.1279498662560093,0,0.09767774713374378
1,0.5482329413533271,1,0.6872589016086035
0,0.12425051957697066,0,0.2327899893743837
0,0.046013971546451524,0,0.023244408703890582
0,0.07351696593675577,0,0.05085452432889753
1,0.646264190889742,0,0.20972448456969292
0,0.11272007097209903,0,0.04256475069032272
0,0.2144403289119487,1,0.7239857296688221
0,0.21991886487461065,0,0.22027360393981993
0,0.1367967758112063,0,0.3800162950901745
0,0.20252796929879274,0,0.109341012269628
0,0.2185646283225243,0,0.21534988948201544
0,0.0547048595962895,0,0.057390752351351375
0,0.4004093823408044,0,0.22471206067353197
0,0.282592677786633,0,0.09850613131043698
0,0.34195887282547743,0,0.1545817189678022
0,0.059079865187097826,0,0.02846733792773212
0,0.1318907268127105,0,0.2512329691346659
0,0.2268497269974089,1,0.5039623751106258
0,0.3153417813572367,0,0.3797650339559997
0,0.09670030071220273,0,0.058699250185348016
0,0.27769106288311307,0,0.11500362377875445
0,0.32546241928973885,1,0.6552871958676251
0,0.07884717874856938,0,0.13269382230914814
0,0.10015028565905197,0,0.3479690680646875
0,0.11683417615892444,0,0.04156432794021384
0,0.12402315522153698,0,0.08716261268918296
1,0.5076059834667395,0,0.2020822839924992
0,0.06268762233638212,0,0.03009635340157684
0,0.39315635840316937,0,0.2146810759181612
0,0.28143974338017147,1,0.60388343216863
0,0.4846430484560847,0,0.3032625284265942
0,0.051290671925757994,0,0.024640858192160255
0,0.09977583330199155,0,0.0550170780245036
0,0.11182837263096401,0,0.03313932704687537
0,0.0720549206661676,0,0.034197206654757534
0,0.22666184132396303,1,0.61322953166502
1,0.62397470309469,0,0.1774176074838305
0,0.18207672744453351,0,0.09806761977138236
0,0.3772275716297205,0,0.3557484189958744
0,0.22060508878069976,0,0.10037531399167093
0,0.057692615163672405,0,0.06062188516115951
1,0.6122414399193394,0,0.39839266194395756
0,0.1693750460628875,0,0.10081049852767388
0,0.22258487012365472,0,0.06497243160573539
0,0.10012858858532031,0,0.03197694761524565
0,0.06396256453511397,0,0.05261893749577371
0,0.29695536999236016,0,0.17944183272645198
0,0.1381654192232611,0,0.08142698196650146
0,0.11609470515092053,0,0.03446331401957632
0,0.2827555208084279,0,0.12739305446002477
0,0.20714524269423273,0,0.2094548867726418
0,0.17331130377688392,0,0.11879184507066251
0,0.1896660732242812,0,0.14059547069452544
0,0.3248223434367712,0,0.44831396573096727
0,0.17449463863470932,0,0.17521711549623745
0,0.1256686093898856,0,0.08415439692134775
0,0.07939069217682884,0,0.026440739640079453
0,0.34260312381038704,0,0.15973825213283252
0,0.3906474207833537,0,0.37090473225631304
0,0.20373399967212028,0,0.127880050567902
0,0.3416649394431903,0,0.26817417260869353
0,0.21144861757042122,0,0.07215865987574725
0,0.19481204421528828,0,0.11948707965441539
0,0.07222643379737019,0,0.05386424861080228
0,0.0484027626008694,0,0.021488640065166677
0,0.16678051290317242,0,0.05646058406201832
0,0.15566676191661374,0,0.039686266892960904
0,0.10966413562862906,0,0.1712323562875569
0,0.32382619014498937,0,0.29196219493699205
0,0.12349801153693563,0,0.15188696400506424
1,0.5224730278708776,0,0.09784696603473303
0,0.3608436641484372,0,0.4882487113431987
0,0.15762735962049398,0,0.06048360684474246
0,0.33491843889297707,1,0.5184731936317423
0,0.0397068513440476,0,0.05130009525547524
0,0.499579522942136,1,0.8555336903770461
0,0.061683776771630755,0,0.18440908354641775
0,0.12018054287120762,0,0.07044028073106155
0,0.4122466586622409,1,0.6383700337609778
0,0.2645565521121442,0,0.11331560859839172
0,0.14075841299022246,0,0.12738903779134916
0,0.0855973275555375,0,0.09935983217412751
0,0.3069050699285499,0,0.2758181765097889
0,0.3363721056653595,0,0.2882790589723568
0,0.1266798843699314,0,0.1825205176338811
0,0.3014315714322532,0,0.17311181061818826
0,0.10864094995904157,0,0.10701820152304319
0,0.3877429930197829,0,0.32899177962616905
0,0.14527178469124313,0,0.13824832698943626
0,0.10786920146185622,0,0.10878925789502192
0,0.14347127280361274,0,0.09564967971916204
0,0.3550703786085667,0,0.3648060309771598
0,0.022852588021747642,0,0.047607407266698536
0,0.46197981415168604,1,0.7050694164592857
0,0.2792779445223635,0,0.42132365102461367
0,0.13361170443494752,0,0.11378792948498026
1,0.6589112701680666,0,0.3984538804142662
0,0.1999415943448135,0,0.0928058803864669
0,0.033199014478907385,0,0.01802037563237093
0,0.06469425540576873,0,0.030511075442327815
0,0.49230773872006517,1,0.6512315894199401
0,0.2671805778851247,0,0.09380132593900116
0,0.09434217958026564,0,0.11495219070332326
0,0.08418286901987106,0,0.08505991089976872
0,0.3263196553226367,0,0.25121306324717024
0,0.14883441052300464,0,0.12243432476004447
0,0.3552656345399959,0,0.28395492288609375
0,0.10204887691114224,0,0.13834951794191136
0,0.032997873122752305,0,0.21165805346641972
0,0.09832323063535316,0,0.029246078331598292
0,0.09741163049452536,0,0.11754954107842112
0,0.06108333427836801,0,0.05923290650754405
0,0.07953861385052612,0,0.15789173179613342
0,0.374727887790429,0,0.49679824040145365
0,0.3508037241010372,1,0.7669663049748792
0,0.08220495669417041,0,0.07948649936828678
1,0.6960010928361398,1,0.7273754144215586
0,0.13667965083047548,0,0.13170403801740516
1,0.5030438207754421,0,0.29797328004439094
0,0.04124419279538566,0,0.028605861201651258
0,0.05928302965530772,0,0.02837394325816476
1,0.6539686761012095,0,0.06883206101448333
0,0.03838582193857802,0,0.02454677618808969
0,0.3021117179370679,0,0.2040078506199197
0,0.14653928207011474,0,0.0899051245823423
0,0.2156784860702831,0,0.2673952642309206
0,0.047154735471714705,0,0.017401623781918462
1,0.6162477287332745,1,0.7775936256361109
0,0.14409897306657332,0,0.04130220715672813
0,0.04049837762726471,0,0.06018747336164046
0,0.2345806979554816,0,0.24535103260732416
0,0.02603224305820721,0,0.020740506400609454
0,0.2693195431587269,0,0.2837412114037617
0,0.2598300735438526,0,0.4298384913986186
0,0.17892253255332155,0,0.20629748805886727
0,0.12870900622323553,0,0.17308688789331625
0,0.10286678497649265,0,0.049824189095656245
0,0.0542984195152158,0,0.11356132163511924
1,0.5415280365549711,0,0.13311472151021314
0,0.07103746316318929,1,0.708764256203371
1,0.5433225613442143,0,0.10705354018286062
0,0.2782434937673603,0,0.1252229399834535
0,0.0720459859112026,0,0.02273359350501862
0,0.050155703112704196,0,0.040544272675074294
0,0.16385664745956038,0,0.2550913309379598
0,0.38506236714817205,1,0.5093979140251402
0,0.1801408300830198,0,0.06858657037050561
0,0.23292931771140082,0,0.10268509535003666
0,0.11540329600830086,0,0.09074453309159036
0,0.06353886632435211,0,0.055462070109756303
1,0.5580689998332328,1,0.6700386024042426
0,0.03830141903505381,0,0.01829388170219829
0,0.0666876186352201,0,0.03804945231655242
0,0.05166384714181961,0,0.04049324865669813
0,0.09142358333096985,0,0.06682630900773517
0,0.0518409247193463,0,0.0585884235386056
0,0.22939168588116893,0,0.22247728151620097
0,0.019541719661285015,0,0.10149032198148326
1,0.6175002840094372,1,0.7842458277575206
0,0.49023149699157637,1,0.5880238074938768
0,0.057904472397979606,0,0.12754564821767747
0,0.30735831141779524,0,0.26446574803853207
0,0.203847790913857,0,0.060126094131502716
0,0.23352735138783862,0,0.15840081581371174
